,high,close,open,low
2010-01-04,6.571322,6.532265,6.54203,6.415095
2010-01-05,6.620143,6.590851,6.532265,6.463916
2010-01-06,6.620143,6.483444,6.590851,6.454152
2010-01-07,6.561558,6.376038,6.502973,6.346745
2010-01-08,6.434623,6.434623,6.336981,6.307688
2010-01-11,6.717786,6.639672,6.512737,6.493209
2010-01-12,6.737314,6.72755,6.668965,6.590851
2010-01-13,6.766607,6.590851,6.590851,6.54203
2010-01-14,6.942363,6.864249,6.590851,6.590851
2010-01-15,6.98142,6.815428,6.864249,6.747078
2010-01-18,6.903306,6.893542,6.834956,6.766607
2010-01-19,6.932599,6.7959,6.874013,6.776371
2010-01-20,6.825192,6.463916,6.786135,6.424859
2010-01-21,6.6592,6.522501,6.415095,6.415095
2010-01-22,6.639672,6.532265,6.454152,6.346745
2010-01-25,6.6592,6.454152,6.54203,6.444387
2010-01-26,6.522501,6.190518,6.47368,6.112404
2010-01-27,6.229575,6.092875,6.170989,6.053819
2010-01-28,6.141697,6.092875,6.112404,6.03429
2010-01-29,6.141697,6.03429,6.092875,6.004997
2010-02-01,6.03429,5.965941,6.014762,5.839006
2010-02-02,6.03429,5.965941,5.965941,5.956176
2010-02-03,6.024526,6.024526,5.995233,5.78042
2010-02-04,6.161225,6.063583,6.024526,5.936648
2010-02-05,6.014762,5.936648,6.014762,5.887827
2010-02-08,6.024526,5.965941,5.956176,5.907355
2010-02-09,6.03429,5.975705,5.956176,5.936648
2010-02-10,6.03429,6.014762,6.004997,5.956176
2010-02-11,6.131932,6.03429,6.014762,5.975705
2010-02-12,6.131932,6.10264,6.03429,6.014762
2010-02-22,6.122168,6.073347,6.122168,6.03429
2010-02-23,6.434623,6.346745,6.063583,6.063583
2010-02-24,6.366274,6.327217,6.249103,6.200282
2010-02-25,6.415095,6.385802,6.327217,6.28816
2010-02-26,6.434623,6.356509,6.376038,6.317453
2010-03-01,6.668965,6.522501,6.366274,6.356509
2010-03-02,6.590851,6.444387,6.502973,6.385802
2010-03-03,6.581087,6.581087,6.444387,6.395566
2010-03-04,6.620143,6.297924,6.581087,6.258867
2010-03-05,6.72755,6.610379,6.376038,6.307688
2010-03-08,6.688493,6.639672,6.600615,6.551794
2010-03-09,6.678729,6.620143,6.639672,6.54203
2010-03-10,6.649436,6.434623,6.610379,6.346745
2010-03-11,6.454152,6.346745,6.405331,6.307688
2010-03-12,6.424859,6.180753,6.366274,6.161225
2010-03-15,6.297924,6.210046,6.180753,6.151461
2010-03-16,6.249103,6.229575,6.229575,6.092875
2010-03-17,6.424859,6.395566,6.249103,6.21981
2010-03-18,6.590851,6.47368,6.405331,6.346745
2010-03-19,6.532265,6.502973,6.493209,6.415095
2010-03-22,6.629908,6.571322,6.493209,6.434623
2010-03-23,6.571322,6.483444,6.522501,6.424859
2010-03-24,6.502973,6.463916,6.483444,6.415095
2010-03-25,6.532265,6.444387,6.415095,6.415095
2010-03-26,6.678729,6.581087,6.463916,6.346745
2010-03-29,6.717786,6.571322,6.581087,6.532265
2010-03-30,6.698257,6.6592,6.581087,6.551794
2010-03-31,6.737314,6.717786,6.6592,6.581087
2010-04-01,6.815428,6.678729,6.815428,6.629908
2010-04-02,6.786135,6.708022,6.6592,6.590851
2010-04-06,6.776371,6.6592,6.747078,6.620143
2010-04-07,6.668965,6.610379,6.639672,6.571322
2010-04-08,6.6592,6.629908,6.590851,6.571322
2010-04-09,6.786135,6.747078,6.620143,6.590851
2010-04-12,6.815428,6.747078,6.747078,6.698257
2010-04-13,6.805664,6.532265,6.737314,6.415095
2010-04-14,6.620143,6.581087,6.512737,6.463916
2010-04-15,6.590851,6.47368,6.561558,6.405331
2010-04-16,6.737314,6.639672,6.512737,6.512737
2010-04-19,6.571322,6.249103,6.551794,6.239339
2010-04-20,6.405331,6.405331,6.268631,6.170989
2010-04-21,6.581087,6.522501,6.405331,6.356509
2010-04-22,6.698257,6.649436,6.502973,6.47368
2010-04-23,6.737314,6.551794,6.639672,6.463916
2010-04-26,6.688493,6.639672,6.522501,6.463916
2010-04-27,6.6592,6.376038,6.620143,6.200282
2010-04-28,6.415095,6.239339,6.317453,6.200282
2010-04-29,6.532265,6.249103,6.268631,6.229575
2010-04-30,6.268631,6.004997,6.200282,5.829241
2010-05-04,6.200282,6.053819,5.858534,5.839006
2010-05-05,6.112404,6.044054,5.907355,5.858534
2010-05-06,6.053819,5.839006,6.053819,5.829241
2010-05-07,5.751128,5.546079,5.751128,5.516786
2010-05-10,5.751128,5.643721,5.487494,5.370323
2010-05-11,5.770656,5.419144,5.760892,5.389851
2010-05-12,5.467965,5.175038,5.428908,5.08716
2010-05-13,5.40938,5.360559,5.184803,5.126217
2010-05-14,5.614428,5.487494,5.292209,5.272681
2010-05-17,5.380087,4.940697,5.370323,4.940697
2010-05-18,5.009047,4.96999,4.940697,4.706356
2010-05-19,5.018811,4.882112,4.950461,4.872347
2010-05-20,4.940697,4.686827,4.872347,4.657535
2010-05-21,4.725884,4.696591,4.5306,4.442722
2010-05-24,5.009047,4.921169,4.745413,4.71612
2010-05-25,5.057868,4.950461,4.882112,4.833291
2010-05-26,5.135982,5.038339,4.940697,4.891876
2010-05-27,5.126217,5.077396,4.979754,4.911404
2010-05-28,5.145746,5.028575,5.096925,5.009047
2010-05-31,5.175038,4.960226,4.950461,4.833291
2010-06-01,4.989518,4.764941,4.891876,4.71612
2010-06-02,5.243388,5.243388,4.745413,4.745413
2010-06-03,5.565607,5.272681,5.399616,5.233624
2010-06-04,5.458201,5.380087,5.165274,5.096925
2010-06-07,5.321502,5.253152,5.22386,5.116453
2010-06-08,5.448437,5.34103,5.214095,5.175038
2010-06-09,5.380087,5.370323,5.34103,5.204331
2010-06-10,5.419144,5.370323,5.321502,5.243388
2010-06-11,5.389851,5.214095,5.389851,5.175038
2010-06-17,5.389851,5.214095,5.389851,5.175038
2010-06-18,5.22386,4.921169,5.22386,4.862583
2010-06-21,5.038339,5.038339,4.891876,4.813762
2010-06-22,5.116453,5.057868,5.048104,4.979754
2010-06-23,5.165274,5.116453,5.028575,5.009047
2010-06-24,5.135982,5.057868,5.096925,5.018811
2010-06-25,5.038339,4.921169,5.038339,4.833291
2010-06-28,4.930933,4.823526,4.921169,4.813762
2010-06-29,4.862583,4.579421,4.813762,4.550128
2010-06-30,4.579421,4.46225,4.540364,4.452486
2010-07-01,4.569657,4.472014,4.46225,4.452486
2010-07-02,4.559892,4.559892,4.501307,4.296258
2010-07-05,5.018811,5.018811,4.569657,4.559892
2010-07-06,5.253152,5.184803,4.882112,4.862583
2010-07-07,5.135982,5.08716,5.106689,5.018811
2010-07-08,5.106689,4.999282,5.096925,4.930933
2010-07-09,5.126217,5.067632,4.979754,4.911404
2010-07-12,5.175038,5.135982,5.057868,5.038339
2010-07-13,5.08716,4.979754,5.077396,4.911404
2010-07-14,5.22386,5.096925,4.989518,4.989518
2010-07-15,5.272681,4.96999,5.15551,4.940697
2010-07-16,5.028575,4.979754,4.90164,4.862583
2010-07-19,5.096925,5.077396,4.96999,4.882112
2010-07-20,5.292209,5.214095,5.067632,5.057868
2010-07-21,5.331266,5.214095,5.272681,5.194567
2010-07-22,5.360559,5.34103,5.184803,5.15551
2010-07-23,5.321502,5.262916,5.311738,5.184803
2010-07-26,5.428908,5.360559,5.282445,5.233624
2010-07-27,5.321502,5.253152,5.321502,5.253152
2010-07-28,5.399616,5.370323,5.262916,5.233624
2010-07-29,5.467965,5.389851,5.331266,5.321502
2010-07-30,5.419144,5.370323,5.40938,5.262916
2010-08-02,5.458201,5.458201,5.350794,5.321502
2010-08-03,5.52655,5.380087,5.458201,5.380087
2010-08-04,5.604664,5.546079,5.380087,5.380087
2010-08-05,5.585136,5.487494,5.516786,5.419144
2010-08-06,5.565607,5.546079,5.467965,5.389851
2010-08-09,5.712071,5.624193,5.516786,5.497258
2010-08-10,5.712071,5.321502,5.614428,5.321502
2010-08-11,5.507022,5.448437,5.34103,5.34103
2010-08-12,5.448437,5.331266,5.370323,5.282445
2010-08-13,5.419144,5.40938,5.331266,5.321502
2010-08-16,5.507022,5.487494,5.380087,5.350794
2010-08-17,5.546079,5.52655,5.477729,5.458201
2010-08-18,5.555843,5.516786,5.516786,5.428908
2010-08-19,5.575372,5.536315,5.52655,5.458201
2010-08-20,5.516786,5.350794,5.487494,5.34103
2010-08-23,5.516786,5.487494,5.350794,5.34103
2010-08-24,5.52655,5.487494,5.458201,5.360559
2010-08-25,5.477729,5.331266,5.428908,5.321502
2010-08-26,5.438672,5.360559,5.350794,5.321502
2010-08-27,5.467965,5.399616,5.360559,5.292209
2010-08-30,5.458201,5.448437,5.419144,5.370323
2010-08-31,5.428908,5.360559,5.428908,5.34103
2010-09-01,5.419144,5.389851,5.370323,5.22386
2010-09-02,5.428908,5.389851,5.399616,5.350794
2010-09-03,5.507022,5.467965,5.389851,5.389851
2010-09-06,5.516786,5.507022,5.487494,5.40938
2010-09-07,5.497258,5.477729,5.497258,5.399616
2010-09-08,5.458201,5.419144,5.448437,5.380087
2010-09-09,5.467965,5.350794,5.419144,5.321502
2010-09-10,5.370323,5.331266,5.331266,5.22386
2010-09-13,5.546079,5.467965,5.321502,5.321502
2010-09-14,5.497258,5.458201,5.467965,5.419144
2010-09-15,5.555843,5.507022,5.507022,5.448437
2010-09-16,5.536315,5.399616,5.487494,5.292209
2010-09-17,5.516786,5.507022,5.380087,5.321502
2010-09-20,6.053819,6.053819,5.565607,5.565607
2010-09-21,6.014762,5.897591,5.868298,5.809713
2010-09-27,6.03429,5.985469,5.936648,5.790185
2010-09-28,6.424859,6.083111,5.946412,5.926884
2010-09-29,6.210046,6.083111,6.03429,5.965941
2010-09-30,6.083111,6.004997,6.024526,5.946412
2010-10-08,6.297924,6.151461,6.063583,6.063583
2010-10-11,6.21981,6.141697,6.151461,6.063583
2010-10-12,6.112404,6.053819,6.112404,6.004997
2010-10-13,6.180753,6.073347,6.03429,5.907355
2010-10-14,6.083111,5.887827,6.073347,5.878063
2010-10-15,5.995233,5.965941,5.858534,5.84877
2010-10-18,5.975705,5.868298,5.965941,5.829241
2010-10-19,6.424859,6.21981,5.926884,5.917119
2010-10-20,6.444387,6.278396,6.10264,6.014762
2010-10-21,6.327217,6.170989,6.229575,6.112404
2010-10-22,6.190518,6.112404,6.170989,6.03429
2010-10-25,6.239339,6.180753,6.131932,6.063583
2010-10-26,6.190518,6.151461,6.190518,6.073347
2010-10-27,6.190518,6.073347,6.151461,6.053819
2010-10-28,6.170989,6.092875,6.10264,6.014762
2010-10-29,6.200282,6.151461,6.092875,6.024526
2010-11-01,6.200282,6.180753,6.170989,6.092875
2010-11-02,6.54203,6.444387,6.170989,6.151461
2010-11-03,6.415095,6.190518,6.336981,6.180753
2010-11-04,6.297924,6.239339,6.170989,6.161225
2010-11-05,6.336981,6.307688,6.268631,6.210046
2010-11-08,6.590851,6.502973,6.366274,6.346745
2010-11-09,6.483444,6.405331,6.483444,6.356509
2010-11-10,6.532265,6.47368,6.424859,6.385802
2010-11-11,6.874013,6.551794,6.493209,6.483444
2010-11-12,7.186468,6.72755,6.678729,6.551794
2010-11-15,7.225525,7.16694,6.844721,6.600615
2010-11-16,7.127883,6.649436,7.127883,6.590851
2010-11-17,6.786135,6.258867,6.649436,6.170989
2010-11-18,6.522501,6.483444,6.278396,6.249103
2010-11-19,6.708022,6.6592,6.512737,6.356509
2010-11-22,6.893542,6.698257,6.54203,6.502973
2010-11-23,6.688493,6.395566,6.610379,6.249103
2010-11-24,6.571322,6.561558,6.376038,6.297924
2010-11-25,6.610379,6.561558,6.561558,6.444387
2010-11-26,6.581087,6.483444,6.581087,6.395566
2010-11-29,6.7959,6.688493,6.444387,6.424859
2010-11-30,6.805664,6.512737,6.688493,6.307688
2010-12-01,6.708022,6.649436,6.493209,6.463916
2010-12-02,6.786135,6.54203,6.786135,6.444387
2010-12-03,6.551794,6.385802,6.502973,6.356509
2010-12-06,6.405331,6.239339,6.376038,6.200282
2010-12-07,6.415095,6.376038,6.200282,6.170989
2010-12-08,6.444387,6.297924,6.395566,6.278396
2010-12-09,6.317453,6.112404,6.297924,6.112404
2010-12-10,6.239339,6.190518,6.10264,6.044054
2010-12-13,6.336981,6.307688,6.297924,6.229575
2010-12-14,6.405331,6.336981,6.327217,6.258867
2010-12-15,6.385802,6.366274,6.307688,6.278396
2010-12-16,6.405331,6.346745,6.356509,6.307688
2010-12-17,6.356509,6.317453,6.346745,6.278396
2010-12-20,6.356509,6.151461,6.346745,6.044054
2010-12-21,6.229575,6.190518,6.200282,6.112404
2010-12-22,6.229575,6.092875,6.229575,6.092875
2010-12-23,6.131932,5.956176,6.092875,5.946412
2010-12-24,5.995233,5.917119,5.956176,5.819477
2010-12-27,5.975705,5.702306,5.936648,5.673014
2010-12-28,5.751128,5.5949,5.692542,5.516786
2010-12-29,5.712071,5.682778,5.614428,5.614428
2010-12-30,5.673014,5.614428,5.673014,5.516786
2010-12-31,5.682778,5.673014,5.614428,5.575372
2011-01-04,5.926884,5.868298,5.692542,5.66325
2011-01-05,6.444387,6.229575,5.84877,5.799949
2011-01-06,6.424859,6.122168,6.21981,6.112404
2011-01-07,6.268631,6.180753,6.131932,6.092875
2011-01-10,6.210046,5.956176,6.161225,5.956176
2011-01-11,6.073347,5.995233,5.956176,5.917119
2011-01-12,6.239339,6.122168,6.014762,5.985469
2011-01-13,6.229575,6.112404,6.170989,6.112404
2011-01-14,6.180753,6.170989,6.083111,6.024526
2011-01-17,6.385802,6.200282,6.161225,6.073347
2011-01-18,6.297924,6.083111,6.200282,6.014762
2011-01-19,6.190518,6.180753,6.03429,5.897591
2011-01-20,6.493209,6.307688,6.122168,6.122168
2011-01-21,6.639672,6.561558,6.268631,6.268631
2011-01-24,6.72755,6.532265,6.571322,6.502973
2011-01-25,6.590851,6.200282,6.590851,6.151461
2011-01-26,6.356509,6.346745,6.200282,6.200282
2011-01-27,6.356509,6.346745,6.200282,6.200282
2011-01-28,6.698257,6.639672,6.424859,6.424859
2011-01-31,6.717786,6.678729,6.600615,6.551794
2011-02-01,6.688493,6.629908,6.668965,6.571322
2011-02-09,6.815428,6.649436,6.561558,6.561558
2011-02-10,6.91307,6.893542,6.649436,6.561558
2011-02-11,6.903306,6.815428,6.874013,6.747078
2011-02-14,6.874013,6.7959,6.834956,6.639672
2011-02-15,6.971656,6.825192,6.805664,6.776371
2011-02-16,7.09859,7.010712,6.825192,6.786135
2011-02-17,7.313403,7.118119,7.010712,6.971656
2011-02-18,7.391517,7.274346,7.088826,7.059534
2011-02-21,7.928549,7.743029,7.35246,7.35246
2011-02-22,7.79185,7.381753,7.694208,7.342696
2011-02-23,7.879728,7.762558,7.42081,7.411046
2011-02-24,7.840671,7.733265,7.743029,7.586802
2011-02-25,7.733265,7.498924,7.733265,7.401281
2011-02-28,7.664915,7.60633,7.459867,7.371989
2011-03-01,7.67468,7.518452,7.586802,7.479395
2011-03-02,7.489159,7.362224,7.489159,7.137647
2011-03-03,7.42081,7.16694,7.303639,7.127883
2011-03-04,7.469631,7.459867,7.157176,7.157176
2011-03-07,7.53798,7.440338,7.469631,7.381753
2011-03-08,7.635623,7.489159,7.440338,7.42081
2011-03-09,7.577037,7.577037,7.479395,7.411046
2011-03-10,7.830907,7.645387,7.577037,7.557509
2011-03-11,7.811379,7.518452,7.567273,7.489159
2011-03-14,7.616094,7.479395,7.498924,7.371989
2011-03-15,7.518452,7.196233,7.469631,7.030241
2011-03-16,7.450102,7.411046,7.196233,7.196233
2011-03-17,8.153127,7.909021,7.332932,7.284111
2011-03-18,7.957842,7.79185,7.909021,7.703972
2011-03-21,8.094541,7.879728,7.743029,7.743029
2011-03-22,8.162891,8.075013,7.821143,7.821143
2011-03-23,8.133598,8.094541,8.055484,7.889493
2011-03-24,8.104305,7.869964,8.104305,7.821143
2011-03-25,8.065249,7.928549,7.899257,7.8602
2011-03-28,7.957842,7.79185,7.948078,7.723501
2011-03-29,7.772322,7.664915,7.752793,7.498924
2011-03-30,7.67468,7.596566,7.625859,7.498924
2011-03-31,7.703972,7.547745,7.616094,7.518452
2011-04-01,7.655151,7.625859,7.567273,7.518452
2011-04-06,7.67468,7.479395,7.635623,7.381753
2011-04-07,7.67468,7.625859,7.489159,7.430574
2011-04-08,7.664915,7.625859,7.60633,7.518452
2011-04-11,7.694208,7.469631,7.684444,7.430574
2011-04-12,7.567273,7.547745,7.469631,7.381753
2011-04-13,7.616094,7.577037,7.479395,7.440338
2011-04-14,7.664915,7.60633,7.616094,7.450102
2011-04-15,7.596566,7.489159,7.577037,7.459867
2011-04-18,7.479395,7.450102,7.450102,7.264582
2011-04-19,7.528216,7.35246,7.391517,7.323168
2011-04-20,7.411046,7.323168,7.371989,7.264582
2011-04-21,7.401281,7.381753,7.362224,7.284111
2011-04-22,7.381753,7.225525,7.342696,7.147412
2011-04-25,7.205997,6.991184,7.176704,6.952127
2011-04-26,7.049769,6.844721,6.991184,6.805664
2011-04-27,6.952127,6.805664,6.952127,6.747078
2011-04-28,6.883778,6.600615,6.834956,6.532265
2011-04-29,6.708022,6.688493,6.639672,6.54203
2011-05-03,6.786135,6.776371,6.786135,6.688493
2011-05-04,6.971656,6.893542,6.766607,6.620143
2011-05-05,6.952127,6.766607,6.825192,6.756843
2011-05-06,6.825192,6.72755,6.737314,6.668965
2011-05-09,6.786135,6.72755,6.756843,6.649436
2011-05-10,6.786135,6.766607,6.747078,6.708022
2011-05-11,6.776371,6.747078,6.747078,6.668965
2011-05-12,6.717786,6.649436,6.708022,6.54203
2011-05-13,6.874013,6.834956,6.629908,6.610379
2011-05-16,6.883778,6.7959,6.825192,6.776371
2011-05-17,6.91307,6.854485,6.7959,6.639672
2011-05-18,6.91307,6.854485,6.7959,6.639672
2011-05-19,6.893542,6.756843,6.844721,6.747078
2011-05-20,6.834956,6.805664,6.786135,6.668965
2011-05-23,6.7959,6.502973,6.766607,6.385802
2011-05-24,6.561558,6.405331,6.405331,6.317453
2011-05-25,6.463916,6.258867,6.395566,6.200282
2011-05-26,6.512737,6.327217,6.28816,6.28816
2011-05-27,6.415095,6.180753,6.317453,6.131932
2011-05-30,6.258867,6.024526,6.190518,6.004997
2011-05-31,6.21981,6.200282,6.044054,6.044054
2011-06-01,6.258867,6.249103,6.210046,6.131932
2011-06-02,6.200282,6.151461,6.151461,6.024526
2011-06-03,6.307688,6.249103,6.112404,6.112404
2011-06-07,6.317453,6.297924,6.249103,6.21981
2011-06-08,6.327217,6.307688,6.307688,6.180753
2011-06-09,6.376038,6.200282,6.297924,6.190518
2011-06-10,6.229575,6.151461,6.210046,6.014762
2011-06-13,6.161225,6.141697,6.131932,6.03429
2011-06-14,6.278396,6.258867,6.122168,6.10264
2011-06-15,6.366274,6.317453,6.21981,6.21981
2011-06-16,6.922834,6.893542,6.249103,6.151461
2011-06-17,6.961891,6.54203,6.815428,6.502973
2011-06-20,6.54203,6.405331,6.444387,6.346745
2011-06-21,6.805664,6.766607,6.434623,6.258867
2011-06-22,6.874013,6.610379,6.688493,6.54203
2011-06-23,6.688493,6.629908,6.551794,6.483444
2011-06-24,6.776371,6.688493,6.571322,6.551794
2011-06-27,6.864249,6.7959,6.708022,6.649436
2011-06-28,6.961891,6.698257,6.786135,6.668965
2011-06-29,6.72755,6.54203,6.688493,6.532265
2011-06-30,6.688493,6.610379,6.600615,6.532265
2011-07-01,6.717786,6.668965,6.581087,6.571322
2011-07-04,6.805664,6.786135,6.678729,6.639672
2011-07-05,6.874013,6.825192,6.786135,6.737314
2011-07-06,6.825192,6.7959,6.766607,6.717786
2011-07-07,6.864249,6.756843,6.776371,6.737314
2011-07-08,6.7959,6.668965,6.766607,6.639672
2011-07-11,6.747078,6.708022,6.639672,6.620143
2011-07-12,6.698257,6.629908,6.698257,6.581087
2011-07-13,6.708022,6.698257,6.600615,6.561558
2011-07-14,6.834956,6.815428,6.688493,6.678729
2011-07-15,6.854485,6.834956,6.815428,6.766607
2011-07-18,6.91307,6.834956,6.834956,6.7959
2011-07-19,6.825192,6.72755,6.825192,6.668965
2011-07-20,6.766607,6.747078,6.737314,6.639672
2011-07-21,6.747078,6.649436,6.747078,6.561558
2011-07-22,6.708022,6.649436,6.649436,6.590851
2011-07-25,6.6592,6.307688,6.620143,6.239339
2011-07-26,6.366274,6.239339,6.317453,6.200282
2011-07-27,6.327217,6.249103,6.229575,6.170989
2011-07-28,6.249103,6.229575,6.200282,6.141697
2011-07-29,6.28816,6.210046,6.200282,6.180753
2011-08-01,6.249103,6.21981,6.210046,6.161225
2011-08-02,6.200282,6.151461,6.170989,6.014762
2011-08-03,6.229575,6.229575,6.083111,6.004997
2011-08-04,6.786135,6.581087,6.229575,6.161225
2011-08-05,6.737314,6.610379,6.405331,6.336981
2011-08-08,6.776371,6.522501,6.512737,6.268631
2011-08-09,6.600615,6.376038,6.346745,6.10264
2011-08-10,6.72755,6.708022,6.463916,6.346745
2011-08-11,6.825192,6.776371,6.571322,6.551794
2011-08-12,6.864249,6.7959,6.786135,6.688493
2011-08-15,6.854485,6.776371,6.776371,6.717786
2011-08-16,6.786135,6.649436,6.766607,6.610379
2011-08-17,6.756843,6.649436,6.639672,6.610379
2011-08-18,6.688493,6.434623,6.600615,6.415095
2011-08-19,6.415095,6.395566,6.327217,6.258867
2011-08-22,6.454152,6.297924,6.405331,6.249103
2011-08-23,6.385802,6.376038,6.307688,6.28816
2011-08-24,6.454152,6.395566,6.405331,6.366274
2011-08-25,6.54203,6.522501,6.385802,6.376038
2011-08-26,6.561558,6.561558,6.522501,6.47368
2011-08-29,6.54203,6.327217,6.54203,6.317453
2011-08-30,6.424859,6.317453,6.376038,6.297924
2011-08-31,6.346745,6.307688,6.307688,6.161225
2011-09-01,6.54203,6.405331,6.317453,6.258867
2011-09-02,6.346745,6.307688,6.336981,6.239339
2011-09-05,6.239339,6.141697,6.229575,6.10264
2011-09-06,6.190518,6.151461,6.122168,6.044054
2011-09-07,6.210046,6.200282,6.122168,6.122168
2011-09-08,6.229575,6.083111,6.210046,6.063583
2011-09-09,6.151461,6.063583,6.10264,6.053819
2011-09-13,6.004997,5.770656,6.004997,5.751128
2011-09-14,5.858534,5.829241,5.819477,5.643721
2011-09-15,5.84877,5.751128,5.84877,5.741363
2011-09-16,5.829241,5.731599,5.799949,5.731599
2011-09-19,5.741363,5.565607,5.731599,5.565607
2011-09-20,5.624193,5.585136,5.565607,5.536315
2011-09-21,5.78042,5.751128,5.565607,5.565607
2011-09-22,5.731599,5.555843,5.702306,5.536315
2011-09-23,5.536315,5.497258,5.516786,5.428908
2011-09-26,5.516786,5.292209,5.487494,5.272681
2011-09-27,5.360559,5.301973,5.350794,5.253152
2011-09-28,5.350794,5.22386,5.331266,5.15551
2011-09-29,5.22386,5.038339,5.165274,5.028575
2011-09-30,5.253152,5.135982,5.048104,5.048104
2011-10-10,5.204331,5.08716,5.135982,5.057868
2011-10-11,5.253152,5.057868,5.184803,5.057868
2011-10-12,5.282445,5.282445,5.067632,5.048104
2011-10-13,5.360559,5.321502,5.292209,5.233624
2011-10-14,5.301973,5.243388,5.282445,5.165274
2011-10-17,5.321502,5.243388,5.253152,5.204331
2011-10-18,5.233624,5.08716,5.233624,5.077396
2011-10-19,5.175038,5.096925,5.08716,5.08716
2011-10-20,5.135982,4.90164,5.135982,4.862583
2011-10-21,4.950461,4.921169,4.90164,4.862583
2011-10-24,4.989518,4.96999,4.921169,4.843055
2011-10-25,5.096925,5.077396,4.96999,4.940697
2011-10-26,5.175038,5.096925,5.048104,5.028575
2011-10-27,5.194567,5.08716,5.08716,5.067632
2011-10-28,5.22386,5.184803,5.135982,5.116453
2011-10-31,5.214095,5.165274,5.175038,5.145746
2011-11-01,5.282445,5.194567,5.116453,5.116453
2011-11-02,5.321502,5.311738,5.116453,5.096925
2011-11-03,5.467965,5.272681,5.350794,5.262916
2011-11-04,5.331266,5.311738,5.292209,5.253152
2011-11-07,5.360559,5.253152,5.292209,5.243388
2011-11-08,5.292209,5.194567,5.253152,5.175038
2011-11-09,5.253152,5.253152,5.233624,5.126217
2011-11-10,5.22386,5.126217,5.194567,5.067632
2011-11-11,5.165274,5.116453,5.145746,5.096925
2011-11-14,5.253152,5.243388,5.15551,5.126217
2011-11-15,5.536315,5.448437,5.262916,5.253152
2011-11-16,5.467965,5.331266,5.399616,5.311738
2011-11-17,5.419144,5.34103,5.370323,5.311738
2011-11-18,5.370323,5.204331,5.292209,5.165274
2011-11-21,5.262916,5.253152,5.194567,5.135982
2011-11-22,5.243388,5.214095,5.22386,5.15551
2011-11-23,5.253152,5.135982,5.204331,5.126217
2011-11-24,5.126217,5.057868,5.106689,5.028575
2011-11-25,5.126217,5.048104,5.077396,5.028575
2011-11-28,5.077396,4.999282,5.048104,4.979754
2011-11-29,5.077396,5.048104,5.028575,4.96999
2011-11-30,5.038339,4.784469,5.018811,4.735648
2011-12-01,4.940697,4.852819,4.911404,4.833291
2011-12-02,4.960226,4.930933,4.803998,4.803998
2011-12-05,4.940697,4.755177,4.930933,4.725884
2011-12-06,4.823526,4.823526,4.706356,4.706356
2011-12-07,4.862583,4.823526,4.813762,4.764941
2011-12-08,4.852819,4.803998,4.843055,4.725884
2011-12-09,4.803998,4.774705,4.784469,4.725884
2011-12-12,4.823526,4.774705,4.755177,4.755177
2011-12-13,4.784469,4.677063,4.784469,4.638006
2011-12-14,5.145746,4.784469,4.667299,4.667299
2011-12-15,4.774705,4.667299,4.774705,4.598949
2011-12-16,4.882112,4.872347,4.64777,4.64777
2011-12-19,4.911404,4.862583,4.891876,4.774705
2011-12-20,4.911404,4.843055,4.862583,4.813762
2011-12-21,4.882112,4.71612,4.882112,4.706356
2011-12-22,4.725884,4.569657,4.686827,4.472014
2011-12-23,4.686827,4.628242,4.540364,4.540364
2011-12-26,4.64777,4.579421,4.598949,4.569657
2011-12-27,4.579421,4.20838,4.559892,4.188852
2011-12-28,4.257201,4.081445,4.257201,3.964275
2011-12-29,4.100974,4.02286,4.052153,4.003332
2011-12-30,4.120502,4.071681,4.081445,4.003332
2012-01-04,4.120502,3.974039,4.09121,3.974039
2012-01-05,4.003332,3.827576,3.993567,3.808047
2012-01-06,3.925218,3.895925,3.83734,3.788519
2012-01-09,4.081445,4.052153,3.905689,3.856868
2012-01-10,4.188852,4.179088,4.032624,4.02286
2012-01-11,4.218145,4.159559,4.149795,4.110738
2012-01-12,4.218145,4.159559,4.159559,4.120502
2012-01-13,4.188852,4.02286,4.120502,3.993567
2012-01-16,4.032624,3.915454,4.003332,3.905689
2012-01-17,4.149795,4.140031,3.905689,3.905689
2012-01-18,4.198616,4.061917,4.159559,4.052153
2012-01-19,4.159559,4.120502,4.052153,4.052153
2012-01-20,4.188852,4.188852,4.179088,4.110738
2012-01-30,4.237673,4.20838,4.159559,4.149795
2012-01-31,4.20838,4.188852,4.20838,4.159559
2012-02-01,4.306023,4.266966,4.198616,4.169323
2012-02-02,4.364608,4.354844,4.266966,4.227909
2012-02-03,4.46225,4.442722,4.354844,4.315787
2012-02-06,4.511071,4.384136,4.452486,4.364608
2012-02-07,4.374372,4.315787,4.374372,4.266966
2012-02-08,4.569657,4.520835,4.325551,4.296258
2012-02-09,4.677063,4.608713,4.491543,4.472014
2012-02-10,4.735648,4.706356,4.638006,4.569657
2012-02-13,4.891876,4.852819,4.667299,4.64777
2012-02-14,4.940697,4.930933,4.852819,4.764941
2012-02-15,4.979754,4.921169,4.911404,4.843055
2012-02-16,4.90164,4.833291,4.882112,4.784469
2012-02-17,5.243388,4.960226,4.921169,4.921169
2012-02-20,5.038339,4.911404,4.960226,4.90164
2012-02-21,4.96999,4.960226,4.891876,4.813762
2012-02-22,5.018811,4.989518,4.960226,4.930933
2012-02-23,5.028575,4.999282,4.979754,4.960226
2012-02-24,5.126217,5.106689,4.999282,4.979754
2012-02-27,5.15551,5.067632,5.08716,5.048104
2012-02-28,5.08716,5.067632,5.028575,4.96999
2012-02-29,5.067632,4.882112,5.067632,4.882112
2012-03-01,4.96999,4.921169,4.833291,4.833291
2012-03-02,5.243388,5.175038,4.960226,4.921169
2012-03-05,5.331266,5.204331,5.282445,5.175038
2012-03-06,5.311738,5.22386,5.165274,5.126217
2012-03-07,5.253152,5.15551,5.165274,5.145746
2012-03-08,5.624193,5.536315,5.194567,5.194567
2012-03-09,5.575372,5.516786,5.516786,5.458201
2012-03-12,5.565607,5.52655,5.546079,5.458201
2012-03-13,5.692542,5.5949,5.536315,5.507022
2012-03-14,5.614428,5.214095,5.604664,5.15551
2012-03-15,5.419144,5.282445,5.272681,5.175038
2012-03-16,5.419144,5.389851,5.350794,5.272681
2012-03-19,5.389851,5.370323,5.389851,5.22386
2012-03-20,5.370323,5.262916,5.370323,5.22386
2012-03-21,5.321502,5.262916,5.262916,5.194567
2012-03-22,5.292209,5.175038,5.233624,5.165274
2012-03-23,5.204331,5.08716,5.175038,5.077396
2012-03-26,5.126217,5.08716,5.08716,5.028575
2012-03-27,5.165274,5.096925,5.096925,5.08716
2012-03-28,5.106689,4.852819,5.106689,4.833291
2012-03-29,4.823526,4.735648,4.823526,4.71612
2012-03-30,4.823526,4.764941,4.755177,4.725884
2012-04-05,4.930933,4.90164,4.784469,4.745413
2012-04-06,4.930933,4.90164,4.784469,4.745413
2012-04-09,4.930933,4.803998,4.930933,4.794234
2012-04-10,4.862583,4.852819,4.803998,4.706356
2012-04-11,4.921169,4.921169,4.813762,4.784469
2012-04-12,5.40938,5.370323,4.921169,4.90164
2012-04-13,5.516786,5.40938,5.321502,5.253152
2012-04-16,5.458201,5.428908,5.370323,5.301973
2012-04-17,5.546079,5.321502,5.428908,5.311738
2012-04-18,5.428908,5.419144,5.34103,5.282445
2012-04-19,5.52655,5.360559,5.370323,5.350794
2012-04-20,5.516786,5.448437,5.301973,5.292209
2012-04-23,5.575372,5.448437,5.40938,5.370323
2012-04-24,5.516786,5.448437,5.399616,5.253152
2012-04-25,5.790185,5.624193,5.438672,5.419144
2012-04-26,5.624193,5.52655,5.604664,5.487494
2012-04-27,5.692542,5.458201,5.516786,5.428908
2012-05-02,5.5949,5.497258,5.565607,5.487494
2012-05-03,5.555843,5.370323,5.507022,5.350794
2012-05-04,5.467965,5.419144,5.370323,5.350794
2012-05-07,5.633957,5.604664,5.419144,5.360559
2012-05-08,5.702306,5.624193,5.565607,5.546079
2012-05-09,5.614428,5.467965,5.565607,5.467965
2012-05-10,5.52655,5.458201,5.428908,5.40938
2012-05-11,5.497258,5.389851,5.458201,5.389851
2012-05-14,5.448437,5.40938,5.448437,5.34103
2012-05-15,5.419144,5.380087,5.331266,5.243388
2012-05-16,5.34103,5.253152,5.321502,5.184803
2012-05-17,5.380087,5.370323,5.233624,5.214095
2012-05-18,5.331266,5.184803,5.331266,5.116453
2012-05-21,5.233624,5.175038,5.233624,5.126217
2012-05-22,5.301973,5.262916,5.175038,5.175038
2012-05-23,5.292209,5.184803,5.253152,5.135982
2012-05-24,5.214095,5.135982,5.175038,5.116453
2012-05-25,5.175038,5.057868,5.135982,5.018811
2012-05-28,5.243388,5.233624,5.028575,4.930933
2012-05-29,5.389851,5.292209,5.184803,5.184803
2012-05-30,5.331266,5.272681,5.301973,5.22386
2012-05-31,5.301973,5.22386,5.272681,5.204331
2012-06-01,5.243388,5.145746,5.243388,5.126217
2012-06-04,5.126217,4.960226,5.126217,4.930933
2012-06-05,5.077396,5.067632,4.999282,4.940697
2012-06-06,5.22386,5.038339,5.057868,4.979754
2012-06-07,5.106689,4.960226,5.08716,4.930933
2012-06-08,5.028575,4.950461,5.018811,4.921169
2012-06-11,4.979754,4.872347,4.950461,4.764941
2012-06-12,4.823526,4.794234,4.803998,4.755177
2012-06-13,4.852819,4.833291,4.803998,4.774705
2012-06-14,4.833291,4.803998,4.833291,4.774705
2012-06-15,4.823526,4.774705,4.794234,4.735648
2012-06-18,4.823526,4.784469,4.784469,4.764941
2012-06-19,4.784469,4.71612,4.784469,4.696591
2012-06-20,4.745413,4.64777,4.71612,4.618478
2012-06-21,4.64777,4.550128,4.618478,4.540364
2012-06-25,4.589185,4.423193,4.550128,4.423193
2012-06-26,4.481779,4.472014,4.403665,4.403665
2012-06-27,4.481779,4.452486,4.472014,4.423193
2012-06-28,4.511071,4.374372,4.481779,4.354844
2012-06-29,4.432957,4.403665,4.374372,4.306023
2012-07-02,4.501307,4.403665,4.442722,4.393901
2012-07-03,4.472014,4.384136,4.403665,4.296258
2012-07-04,4.452486,4.393901,4.442722,4.364608
2012-07-05,4.393901,4.266966,4.393901,4.266966
2012-07-06,4.403665,4.384136,4.306023,4.227909
2012-07-09,4.374372,4.27673,4.345079,4.27673
2012-07-10,4.335315,4.325551,4.27673,4.247437
2012-07-11,4.335315,4.325551,4.315787,4.286494
2012-07-12,4.46225,4.423193,4.335315,4.296258
2012-07-13,4.452486,4.393901,4.393901,4.364608
2012-07-16,4.393901,4.169323,4.393901,4.169323
2012-07-17,4.247437,4.188852,4.159559,4.149795
2012-07-18,4.218145,4.218145,4.159559,4.149795
2012-07-19,4.618478,4.423193,4.218145,4.179088
2012-07-20,4.71612,4.589185,4.384136,4.364608
2012-07-23,4.598949,4.491543,4.540364,4.442722
2012-07-24,4.550128,4.540364,4.46225,4.46225
2012-07-25,4.540364,4.442722,4.501307,4.423193
2012-07-26,4.540364,4.413429,4.413429,4.393901
2012-07-27,4.491543,4.384136,4.423193,4.354844
2012-07-30,4.413429,4.218145,4.384136,4.198616
2012-07-31,4.27673,4.218145,4.159559,4.140031
2012-08-01,4.296258,4.257201,4.218145,4.188852
2012-08-02,4.266966,4.218145,4.247437,4.169323
2012-08-03,4.325551,4.306023,4.218145,4.198616
2012-08-06,4.413429,4.413429,4.286494,4.266966
2012-08-07,4.481779,4.432957,4.393901,4.384136
2012-08-08,4.442722,4.374372,4.403665,4.335315
2012-08-09,4.432957,4.423193,4.354844,4.345079
2012-08-10,4.452486,4.442722,4.432957,4.374372
2012-08-13,4.442722,4.247437,4.442722,4.227909
2012-08-14,4.306023,4.306023,4.227909,4.20838
2012-08-15,4.296258,4.218145,4.296258,4.20838
2012-08-16,4.257201,4.227909,4.227909,4.179088
2012-08-17,4.237673,4.227909,4.227909,4.169323
2012-08-20,4.237673,4.227909,4.188852,4.149795
2012-08-21,4.335315,4.306023,4.20838,4.20838
2012-08-22,4.306023,4.20838,4.296258,4.198616
2012-08-23,4.432957,4.335315,4.218145,4.198616
2012-08-24,4.315787,4.237673,4.306023,4.20838
2012-08-27,4.247437,4.188852,4.237673,4.130267
2012-08-28,4.247437,4.20838,4.188852,4.159559
2012-08-29,4.315787,4.237673,4.20838,4.198616
2012-08-30,4.257201,4.179088,4.20838,4.130267
2012-08-31,4.198616,4.140031,4.198616,4.081445
2012-09-03,4.169323,4.159559,4.140031,4.100974
2012-09-04,4.198616,4.140031,4.159559,4.081445
2012-09-05,4.198616,4.140031,4.100974,4.081445
2012-09-06,4.179088,4.169323,4.130267,4.130267
2012-09-07,4.364608,4.296258,4.198616,4.169323
2012-09-10,4.325551,4.306023,4.296258,4.247437
2012-09-11,4.296258,4.247437,4.286494,4.20838
2012-09-12,4.325551,4.315787,4.247437,4.227909
2012-09-13,4.315787,4.227909,4.306023,4.227909
2012-09-14,4.266966,4.237673,4.227909,4.169323
2012-09-17,4.20838,4.052153,4.20838,4.042389
2012-09-18,4.052153,4.013096,4.042389,3.974039
2012-09-19,4.120502,4.042389,4.013096,3.993567
2012-09-20,4.032624,3.876397,4.032624,3.866632
2012-09-21,3.944746,3.847104,3.856868,3.83734
2012-09-24,3.866632,3.847104,3.847104,3.788519
2012-09-25,3.866632,3.827576,3.83734,3.798283
2012-09-26,3.827576,3.729933,3.827576,3.700641
2012-09-27,3.827576,3.788519,3.720169,3.710405
2012-09-28,3.847104,3.83734,3.778754,3.759226
2012-10-08,3.856868,3.827576,3.83734,3.798283
2012-10-09,3.925218,3.915454,3.856868,3.83734
2012-10-10,4.003332,3.983803,3.915454,3.886161
2012-10-11,3.974039,3.905689,3.95451,3.895925
2012-10-12,4.169323,3.964275,3.905689,3.866632
2012-10-15,3.95451,3.886161,3.95451,3.866632
2012-10-16,3.934982,3.886161,3.905689,3.876397
2012-10-17,3.925218,3.895925,3.886161,3.856868
2012-10-18,4.013096,3.974039,3.915454,3.905689
2012-10-19,3.993567,3.964275,3.974039,3.944746
2012-10-22,3.974039,3.95451,3.925218,3.895925
2012-10-23,3.993567,3.983803,3.964275,3.944746
2012-10-24,4.052153,3.983803,3.964275,3.95451
2012-10-25,4.032624,4.013096,3.983803,3.934982
2012-10-26,4.042389,3.876397,4.013096,3.847104
2012-10-29,3.974039,3.964275,3.866632,3.866632
2012-10-30,3.983803,3.944746,3.944746,3.886161
2012-10-31,3.974039,3.964275,3.925218,3.915454
2012-11-01,4.052153,4.02286,3.983803,3.964275
2012-11-02,4.052153,4.032624,4.013096,4.003332
2012-11-05,4.149795,4.130267,4.013096,4.013096
2012-11-06,4.247437,4.237673,4.130267,4.052153
2012-11-07,4.286494,4.257201,4.198616,4.149795
2012-11-08,4.325551,4.188852,4.198616,4.179088
2012-11-09,4.218145,4.149795,4.149795,4.100974
2012-11-12,4.237673,4.20838,4.149795,4.120502
2012-11-13,4.266966,4.149795,4.198616,4.149795
2012-11-14,4.237673,4.227909,4.149795,4.081445
2012-11-15,4.227909,4.042389,4.188852,4.042389
2012-11-16,4.042389,3.905689,4.032624,3.905689
2012-11-19,3.95451,3.934982,3.905689,3.866632
2012-11-20,3.964275,3.886161,3.934982,3.886161
2012-11-21,3.95451,3.95451,3.905689,3.808047
2012-11-22,3.944746,3.925218,3.925218,3.895925
2012-11-23,3.974039,3.934982,3.95451,3.895925
2012-11-26,3.944746,3.895925,3.905689,3.886161
2012-11-27,3.905689,3.749462,3.895925,3.720169
2012-11-28,3.778754,3.710405,3.739698,3.690876
2012-11-29,3.749462,3.602998,3.729933,3.573706
2012-11-30,3.690876,3.671348,3.642055,3.573706
2012-12-03,3.720169,3.622527,3.720169,3.573706
2012-12-04,3.690876,3.661584,3.622527,3.563942
2012-12-05,3.827576,3.788519,3.661584,3.642055
2012-12-06,3.817811,3.759226,3.798283,3.739698
2012-12-07,3.827576,3.817811,3.76899,3.759226
2012-12-10,3.895925,3.886161,3.798283,3.798283
2012-12-11,3.886161,3.856868,3.866632,3.847104
2012-12-12,3.876397,3.808047,3.856868,3.788519
2012-12-13,3.827576,3.778754,3.798283,3.76899
2012-12-14,3.934982,3.915454,3.778754,3.778754
2012-12-17,3.964275,3.944746,3.925218,3.905689
2012-12-18,4.02286,3.964275,3.944746,3.915454
2012-12-19,3.964275,3.925218,3.964275,3.905689
2012-12-20,3.934982,3.905689,3.905689,3.886161
2012-12-21,3.944746,3.847104,3.905689,3.83734
2012-12-24,3.915454,3.915454,3.866632,3.827576
2012-12-25,4.003332,3.993567,3.905689,3.847104
2012-12-26,4.159559,4.061917,3.974039,3.974039
2012-12-27,4.071681,4.003332,4.061917,3.993567
2012-12-28,4.052153,4.032624,4.003332,4.003332
2012-12-31,4.09121,4.052153,4.081445,4.032624
2013-01-04,4.100974,4.042389,4.052153,4.02286
2013-01-07,4.052153,4.042389,4.042389,4.013096
2013-01-08,4.110738,4.081445,4.052153,4.032624
2013-01-09,4.149795,4.100974,4.09121,4.061917
2013-01-10,4.120502,4.100974,4.09121,4.052153
2013-01-11,4.149795,3.993567,4.100974,3.974039
2013-01-14,4.09121,4.081445,3.964275,3.934982
2013-01-15,4.198616,4.149795,4.09121,4.061917
2013-01-16,4.179088,4.179088,4.149795,4.042389
2013-01-17,4.169323,4.110738,4.149795,4.071681
2013-01-18,4.247437,4.179088,4.100974,4.100974
2013-01-21,4.227909,4.169323,4.159559,4.140031
2013-01-22,4.159559,4.071681,4.159559,4.052153
2013-01-23,4.110738,4.100974,4.071681,4.02286
2013-01-24,4.149795,3.993567,4.071681,3.974039
2013-01-25,4.013096,3.983803,4.013096,3.964275
2013-01-28,4.061917,4.061917,4.003332,3.974039
2013-01-29,4.09121,4.081445,4.052153,4.032624
2013-01-30,4.140031,4.120502,4.081445,4.061917
2013-01-31,4.140031,4.120502,4.120502,4.081445
2013-02-01,4.159559,4.149795,4.110738,4.09121
2013-02-04,4.218145,4.120502,4.149795,4.110738
2013-02-05,4.159559,4.140031,4.100974,4.052153
2013-02-06,4.20838,4.179088,4.140031,4.120502
2013-02-07,4.188852,4.159559,4.169323,4.110738
2013-02-08,4.20838,4.198616,4.159559,4.130267
2013-02-18,4.218145,4.20838,4.188852,4.169323
2013-02-19,4.20838,4.130267,4.198616,4.110738
2013-02-20,4.266966,4.266966,4.140031,4.100974
2013-02-21,4.266966,4.188852,4.266966,4.130267
2013-02-22,4.198616,4.110738,4.169323,4.09121
2013-02-25,4.149795,4.130267,4.110738,4.110738
2013-02-26,4.169323,4.061917,4.130267,4.061917
2013-02-27,4.100974,4.061917,4.061917,4.042389
2013-02-28,4.188852,4.149795,4.061917,4.061917
2013-03-01,4.179088,4.169323,4.140031,4.110738
2013-03-04,4.198616,4.02286,4.140031,4.02286
2013-03-05,4.266966,4.198616,4.042389,4.032624
2013-03-06,4.315787,4.296258,4.188852,4.169323
2013-03-07,4.335315,4.286494,4.27673,4.20838
2013-03-08,4.306023,4.179088,4.257201,4.149795
2013-03-11,4.198616,4.188852,4.198616,4.120502
2013-03-12,4.198616,3.993567,4.179088,3.964275
2013-03-13,4.100974,4.042389,4.003332,3.974039
2013-03-14,4.100974,4.061917,4.02286,3.993567
2013-03-15,4.09121,4.003332,4.042389,3.983803
2013-03-18,4.071681,3.964275,4.032624,3.934982
2013-03-19,4.013096,3.974039,3.934982,3.915454
2013-03-20,4.374372,4.374372,3.993567,3.964275
2013-03-21,4.491543,4.315787,4.472014,4.286494
2013-03-22,4.481779,4.393901,4.315787,4.315787
2013-03-25,4.423193,4.345079,4.354844,4.315787
2013-03-26,4.393901,4.296258,4.325551,4.257201
2013-03-27,4.325551,4.306023,4.286494,4.227909
2013-03-28,4.296258,4.20838,4.296258,4.198616
2013-03-29,4.218145,4.081445,4.218145,4.032624
2013-04-01,4.354844,4.345079,4.110738,4.100974
2013-04-02,4.745413,4.64777,4.306023,4.306023
2013-04-03,4.618478,4.559892,4.550128,4.46225
2013-04-08,4.618478,4.559892,4.550128,4.46225
2013-04-09,4.618478,4.559892,4.550128,4.46225
2013-04-10,4.618478,4.559892,4.550128,4.46225
2013-04-11,4.618478,4.559892,4.550128,4.46225
2013-04-12,4.618478,4.559892,4.550128,4.46225
2013-04-15,4.618478,4.559892,4.550128,4.46225
2013-04-16,4.618478,4.559892,4.550128,4.46225
2013-04-17,4.618478,4.559892,4.550128,4.46225
2013-04-18,4.618478,4.559892,4.550128,4.46225
2013-04-19,4.618478,4.559892,4.550128,4.46225
2013-04-22,4.618478,4.559892,4.550128,4.46225
2013-04-23,4.618478,4.559892,4.550128,4.46225
2013-04-24,4.618478,4.559892,4.550128,4.46225
2013-04-25,4.618478,4.559892,4.550128,4.46225
2013-04-26,4.618478,4.559892,4.550128,4.46225
2013-05-02,4.618478,4.559892,4.550128,4.46225
2013-05-03,4.618478,4.559892,4.550128,4.46225
2013-05-06,4.618478,4.559892,4.550128,4.46225
2013-05-07,4.618478,4.559892,4.550128,4.46225
2013-05-08,4.618478,4.559892,4.550128,4.46225
2013-05-09,4.618478,4.559892,4.550128,4.46225
2013-05-10,4.618478,4.559892,4.550128,4.46225
2013-05-13,4.618478,4.559892,4.550128,4.46225
2013-05-14,4.618478,4.559892,4.550128,4.46225
2013-05-15,4.618478,4.559892,4.550128,4.46225
2013-05-16,4.618478,4.559892,4.550128,4.46225
2013-05-17,4.618478,4.559892,4.550128,4.46225
2013-05-20,4.618478,4.559892,4.550128,4.46225
2013-05-21,4.618478,4.559892,4.550128,4.46225
2013-05-22,4.618478,4.559892,4.550128,4.46225
2013-05-23,4.618478,4.559892,4.550128,4.46225
2013-05-24,4.618478,4.559892,4.550128,4.46225
2013-05-27,4.618478,4.559892,4.550128,4.46225
2013-05-28,4.618478,4.559892,4.550128,4.46225
2013-05-29,4.618478,4.559892,4.550128,4.46225
2013-05-30,4.618478,4.559892,4.550128,4.46225
2013-05-31,4.618478,4.559892,4.550128,4.46225
2013-06-03,4.618478,4.559892,4.550128,4.46225
2013-06-04,4.618478,4.559892,4.550128,4.46225
2013-06-05,4.618478,4.559892,4.550128,4.46225
2013-06-06,4.618478,4.559892,4.550128,4.46225
2013-06-07,4.618478,4.559892,4.550128,4.46225
2013-06-13,4.618478,4.559892,4.550128,4.46225
2013-06-14,4.618478,4.559892,4.550128,4.46225
2013-06-17,4.618478,4.559892,4.550128,4.46225
2013-06-18,4.618478,4.559892,4.550128,4.46225
2013-06-19,4.618478,4.559892,4.550128,4.46225
2013-06-20,4.618478,4.559892,4.550128,4.46225
2013-06-21,4.618478,4.559892,4.550128,4.46225
2013-06-24,4.618478,4.559892,4.550128,4.46225
2013-06-25,4.618478,4.559892,4.550128,4.46225
2013-06-26,4.618478,4.559892,4.550128,4.46225
2013-06-27,4.618478,4.559892,4.550128,4.46225
2013-06-28,4.618478,4.559892,4.550128,4.46225
2013-07-01,4.618478,4.559892,4.550128,4.46225
2013-07-02,4.618478,4.559892,4.550128,4.46225
2013-07-03,4.618478,4.559892,4.550128,4.46225
2013-07-04,4.618478,4.559892,4.550128,4.46225
2013-07-05,4.618478,4.559892,4.550128,4.46225
2013-07-08,4.618478,4.559892,4.550128,4.46225
2013-07-09,4.618478,4.559892,4.550128,4.46225
2013-07-10,4.618478,4.559892,4.550128,4.46225
2013-07-11,4.618478,4.559892,4.550128,4.46225
2013-07-12,4.618478,4.559892,4.550128,4.46225
2013-07-15,4.618478,4.559892,4.550128,4.46225
2013-07-16,5.012927,5.012927,5.012927,5.012927
2013-07-17,5.515205,5.515205,5.515205,5.515205
2013-07-18,6.066725,6.066725,6.066725,6.066725
2013-07-19,6.677337,6.677337,6.677337,6.677337
2013-07-22,7.090977,6.509911,7.090977,6.38188
2013-07-23,7.159917,7.159917,6.529608,6.431122
2013-07-24,7.465223,7.356889,7.307646,6.972794
2013-07-25,7.238706,6.86446,7.159917,6.79552
2013-07-26,7.159917,6.894006,6.79552,6.785671
2013-07-29,6.86446,6.618245,6.785671,6.578851
2013-07-30,6.72658,6.667488,6.618245,6.303091
2013-07-31,7.150069,6.962946,6.637943,6.549305
2013-08-01,7.179615,7.150069,6.894006,6.825066
2013-08-02,7.20916,6.972794,7.022037,6.953097
2013-08-05,7.34704,7.307646,6.992492,6.884157
2013-08-06,8.036441,8.036441,7.337192,7.219009
2013-08-07,8.243261,8.056138,7.977349,7.790226
2013-08-08,8.036441,7.829621,7.957652,7.740984
2013-08-09,7.908409,7.603103,7.809924,7.327343
2013-08-12,7.721286,7.681892,7.475072,7.475072
2013-08-13,7.750832,7.642498,7.632649,7.465223
2013-08-14,7.977349,7.780378,7.652346,7.583406
2013-08-15,7.809924,7.475072,7.780378,7.435678
2013-08-16,7.662195,7.287949,7.465223,7.2781
2013-08-19,7.475072,7.396283,7.287949,7.238706
2013-08-20,7.563709,7.494769,7.396283,7.337192
2013-08-21,8.036441,7.809924,7.465223,7.445526
2013-08-22,7.790226,7.770529,7.740984,7.612952
2013-08-23,7.937955,7.573558,7.800075,7.445526
2013-08-26,7.888712,7.790226,7.514466,7.34704
2013-08-27,8.154624,7.878864,7.800075,7.731135
2013-08-28,7.908409,7.681892,7.780378,7.573558
2013-08-29,7.740984,7.563709,7.652346,7.435678
2013-08-30,8.016744,7.701589,7.563709,7.445526
2013-09-02,7.819772,7.612952,7.603103,7.465223
2013-09-03,7.947804,7.750832,7.662195,7.563709
2013-09-04,8.125078,8.11523,7.770529,7.701589
2013-09-05,8.25311,8.04629,8.233413,7.908409
2013-09-06,8.04629,7.898561,8.036441,7.780378
2013-09-09,8.056138,7.908409,7.908409,7.839469
2013-09-10,8.036441,7.967501,7.908409,7.750832
2013-09-11,8.006895,7.672043,7.967501,7.662195
2013-09-12,7.760681,7.544012,7.632649,7.534163
2013-09-13,7.632649,7.573558,7.524315,7.475072
2013-09-16,7.869015,7.750832,7.681892,7.622801
2013-09-17,7.819772,7.612952,7.711438,7.593255
2013-09-18,7.662195,7.603103,7.583406,7.514466
2013-09-23,7.859167,7.731135,7.593255,7.553861
2013-09-24,7.721286,7.494769,7.681892,7.34704
2013-09-25,7.514466,7.396283,7.455375,7.376586
2013-09-26,7.662195,7.593255,7.396283,7.307646
2013-09-27,7.632649,7.465223,7.563709,7.41598
2013-09-30,7.593255,7.544012,7.475072,7.41598
2013-10-08,7.612952,7.583406,7.544012,7.425829
2013-10-09,8.11523,7.908409,7.583406,7.494769
2013-10-10,8.696296,8.696296,7.908409,7.809924
2013-10-11,9.247816,8.853873,8.568264,8.519021
2013-10-14,9.040996,8.972056,8.981905,8.696296
2013-10-15,9.01145,8.80463,8.981905,8.725842
2013-10-16,8.765236,8.420536,8.66675,8.272807
2013-10-17,8.814479,8.538718,8.410687,8.410687
2013-10-18,8.94251,8.755387,8.538718,8.469778
2013-10-21,8.903116,8.794782,8.745539,8.656901
2013-10-22,8.784933,8.410687,8.784933,8.39099
2013-10-23,8.538718,8.105381,8.410687,8.016744
2013-10-24,8.223564,8.085684,8.075835,8.04629
2013-10-25,8.213715,7.790226,8.134927,7.770529
2013-10-28,7.869015,7.790226,7.839469,7.721286
2013-10-29,8.036441,7.317495,7.839469,7.012189
2013-10-30,7.386435,7.356889,7.2781,7.130372
2013-10-31,7.366738,7.150069,7.366738,7.110674
2013-11-01,7.228857,7.130372,7.150069,7.041734
2013-11-04,7.376586,7.2781,7.228857,7.150069
2013-11-05,7.425829,7.425829,7.2781,7.238706
2013-11-06,7.573558,7.41598,7.425829,7.307646
2013-11-07,7.406132,7.199312,7.406132,7.179615
2013-11-08,7.189463,7.100826,7.189463,7.051583
2013-11-11,7.20916,7.14022,7.07128,7.061432
2013-11-12,7.258403,7.169766,7.189463,7.120523
2013-11-13,7.445526,7.219009,7.258403,7.199312
2013-11-14,7.366738,7.307646,7.189463,7.012189
2013-11-15,8.036441,8.036441,7.494769,7.494769
2013-11-18,8.647053,8.361444,8.647053,8.18417
2013-11-19,8.32205,8.105381,8.282655,7.997047
2013-11-20,8.469778,8.331898,8.095532,8.04629
2013-11-21,8.312201,8.075835,8.223564,8.04629
2013-11-22,8.194018,8.016744,8.065987,7.997047
2013-11-25,8.223564,8.036441,8.026592,7.888712
2013-11-26,8.223564,8.11523,8.016744,7.967501
2013-11-27,8.125078,8.105381,8.11523,7.977349
2013-11-28,8.174321,8.065987,8.105381,8.056138
2013-11-29,8.075835,8.056138,8.065987,7.987198
2013-12-02,7.849318,7.317495,7.849318,7.248555
2013-12-03,7.494769,7.435678,7.337192,7.317495
2013-12-04,7.681892,7.544012,7.445526,7.435678
2013-12-05,7.563709,7.396283,7.544012,7.366738
2013-12-06,7.445526,7.386435,7.396283,7.317495
2013-12-09,7.662195,7.563709,7.425829,7.41598
2013-12-10,8.085684,7.869015,7.612952,7.612952
2013-12-11,8.095532,8.085684,7.967501,7.681892
2013-12-12,8.164472,7.898561,8.125078,7.859167
2013-12-13,7.947804,7.928107,7.770529,7.672043
2013-12-16,8.016744,7.701589,7.928107,7.691741
2013-12-17,7.780378,7.701589,7.672043,7.672043
2013-12-18,7.770529,7.504618,7.740984,7.475072
2013-12-19,7.622801,7.48492,7.534163,7.475072
2013-12-20,7.573558,7.356889,7.504618,7.34704
2013-12-23,7.386435,7.120523,7.356889,7.061432
2013-12-24,7.287949,7.189463,7.110674,7.110674
2013-12-25,7.307646,7.297797,7.20916,7.130372
2013-12-26,7.297797,7.120523,7.268252,7.090977
2013-12-27,7.268252,7.199312,7.100826,7.100826
2013-12-30,7.268252,7.199312,7.248555,7.14022
2013-12-31,7.228857,7.189463,7.169766,7.110674
2014-01-02,7.376586,7.287949,7.169766,7.169766
2014-01-03,7.287949,7.130372,7.287949,7.07128
2014-01-06,7.179615,6.884157,7.150069,6.874309
2014-01-07,6.884157,6.765974,6.884157,6.706883
2014-01-08,6.844763,6.775823,6.775823,6.706883
2014-01-09,6.834914,6.687186,6.765974,6.687186
2014-01-10,6.65764,6.500063,6.65764,6.480365
2014-01-13,6.667488,6.647791,6.569003,6.509911
2014-01-14,6.667488,6.647791,6.569003,6.509911
2014-01-15,6.667488,6.647791,6.569003,6.509911
2014-01-16,6.667488,6.647791,6.569003,6.509911
2014-01-17,6.667488,6.647791,6.569003,6.509911
2014-01-20,6.667488,6.647791,6.569003,6.509911
2014-01-21,6.667488,6.647791,6.569003,6.509911
2014-01-22,6.667488,6.647791,6.569003,6.509911
2014-01-23,6.667488,6.647791,6.569003,6.509911
2014-01-24,6.667488,6.647791,6.569003,6.509911
2014-01-27,6.667488,6.647791,6.569003,6.509911
2014-01-28,6.667488,6.647791,6.569003,6.509911
2014-01-29,6.667488,6.647791,6.569003,6.509911
2014-01-30,6.667488,6.647791,6.569003,6.509911
2014-02-07,6.667488,6.647791,6.569003,6.509911
2014-02-10,6.667488,6.647791,6.569003,6.509911
2014-02-11,6.667488,6.647791,6.569003,6.509911
2014-02-12,6.667488,6.647791,6.569003,6.509911
2014-02-13,6.667488,6.647791,6.569003,6.509911
2014-02-14,6.667488,6.647791,6.569003,6.509911
2014-02-17,6.667488,6.647791,6.569003,6.509911
2014-02-18,7.317495,7.317495,7.317495,7.317495
2014-02-19,8.04629,8.04629,8.04629,8.04629
2014-02-20,8.853873,8.853873,8.853873,8.853873
2014-02-21,9.641759,9.336453,9.641759,8.863722
2014-02-24,10.272069,10.173583,9.208422,9.198573
2014-02-25,9.996308,9.178876,9.868277,9.159179
2014-02-26,9.129633,9.01145,8.962207,8.59781
2014-02-27,9.316756,8.824327,9.01145,8.755387
2014-02-28,9.119785,8.991753,8.853873,8.627356
2014-03-03,9.759942,9.622062,9.247816,9.070542
2014-03-04,9.454636,9.247816,9.454636,9.090239
2014-03-05,9.297059,8.972056,9.178876,8.883419
2014-03-06,9.178876,9.129633,9.021299,8.903116
2014-03-07,9.198573,9.001602,9.14933,8.834176
2014-03-10,9.070542,8.715993,8.922813,8.66675
2014-03-11,8.952359,8.844024,8.66675,8.66675
2014-03-12,8.893267,8.656901,8.863722,8.489476
2014-03-13,8.696296,8.499324,8.676599,8.312201
2014-03-14,8.469778,8.361444,8.430384,8.223564
2014-03-17,8.637204,8.617507,8.361444,8.351595
2014-03-18,8.755387,8.59781,8.647053,8.578113
2014-03-19,8.784933,8.765236,8.59781,8.39099
2014-03-20,8.932662,8.686447,8.755387,8.676599
2014-03-21,8.824327,8.745539,8.637204,8.499324
2014-03-24,9.021299,8.903116,8.745539,8.715993
2014-03-25,9.198573,9.031147,8.972056,8.903116
2014-03-26,9.060693,8.863722,8.981905,8.844024
2014-03-27,8.962207,8.844024,8.87357,8.814479
2014-03-28,9.159179,8.912965,8.853873,8.784933
2014-03-31,8.972056,8.450081,8.893267,8.39099
2014-04-01,8.607659,8.587961,8.371293,8.371293
2014-04-02,8.637204,8.59781,8.627356,8.519021
2014-04-03,8.715993,8.686447,8.52887,8.52887
2014-04-04,9.01145,8.834176,8.627356,8.627356
2014-04-08,8.991753,8.893267,8.765236,8.715993
2014-04-09,9.14933,9.129633,8.883419,8.853873
2014-04-10,9.14933,9.090239,9.129633,8.991753
2014-04-11,9.169028,9.109936,9.070542,8.981905
2014-04-14,9.306908,9.159179,9.090239,8.962207
2014-04-15,9.228119,9.119785,9.208422,9.060693
2014-04-16,9.129633,9.031147,9.100088,8.952359
2014-04-17,9.060693,8.893267,9.031147,8.87357
2014-04-18,9.050845,9.050845,8.912965,8.863722
2014-04-21,9.001602,8.893267,8.952359,8.87357
2014-04-22,8.922813,8.755387,8.863722,8.676599
2014-04-23,8.794782,8.725842,8.715993,8.607659
2014-04-24,8.784933,8.706144,8.725842,8.676599
2014-04-25,8.73569,8.331898,8.66675,8.174321
2014-04-28,8.312201,8.04629,8.174321,7.997047
2014-04-29,8.223564,8.154624,8.006895,8.006895
2014-04-30,8.302353,8.292504,8.125078,8.125078
2014-05-05,8.331898,8.233413,8.282655,8.18417
2014-05-06,8.351595,8.262958,8.262958,8.194018
2014-05-07,8.262958,8.056138,8.262958,8.036441
2014-05-08,8.134927,7.937955,8.056138,7.928107
2014-05-09,7.987198,7.750832,7.937955,7.593255
2014-05-12,8.006895,7.977349,7.780378,7.760681
2014-05-13,8.085684,8.065987,7.967501,7.947804
2014-05-14,8.085684,8.04629,8.065987,8.006895
2014-05-15,8.036441,7.790226,7.997047,7.770529
2014-05-16,7.849318,7.691741,7.780378,7.583406
2014-05-19,7.849318,7.770529,7.760681,7.701589
2014-05-20,7.957652,7.760681,7.829621,7.721286
2014-05-21,7.809924,7.770529,7.809924,7.632649
2014-05-22,7.937955,7.878864,7.740984,7.740984
2014-05-23,7.957652,7.947804,7.829621,7.809924
2014-05-26,7.997047,7.928107,7.957652,7.869015
2014-05-27,8.085684,8.065987,7.947804,7.908409
2014-05-28,8.065987,7.987198,8.056138,7.928107
2014-05-29,8.085684,7.947804,8.006895,7.928107
2014-05-30,7.977349,7.859167,7.947804,7.849318
2014-06-03,7.977349,7.878864,7.859167,7.829621
2014-06-04,7.908409,7.849318,7.869015,7.731135
2014-06-05,7.997047,7.987198,7.878864,7.800075
2014-06-06,8.006895,7.908409,8.006895,7.888712
2014-06-09,7.977349,7.740984,7.908409,7.721286
2014-06-10,8.174321,8.134927,7.760681,7.563709
2014-06-11,8.952359,8.952359,8.863722,8.587961
2014-06-12,9.001602,8.824327,8.962207,8.66675
2014-06-13,8.814479,8.745539,8.686447,8.66675
2014-06-16,9.050845,8.883419,8.706144,8.706144
2014-06-17,9.109936,9.031147,8.853873,8.824327
2014-06-18,9.08039,8.834176,9.031147,8.814479
2014-06-19,8.962207,8.686447,8.834176,8.627356
2014-06-20,8.784933,8.706144,8.696296,8.617507
2014-06-23,9.021299,9.01145,8.706144,8.66675
2014-06-24,9.257665,9.188725,9.001602,8.94251
2014-06-25,9.336453,9.090239,9.198573,9.060693
2014-06-26,9.178876,9.119785,9.090239,9.031147
2014-06-27,9.316756,9.031147,9.159179,9.01145
2014-06-30,9.060693,8.912965,9.021299,8.87357
2014-07-01,8.992191,8.903061,8.992191,8.724802
2014-07-02,8.972384,8.952578,8.873351,8.804028
2014-07-03,9.210063,9.002094,9.061514,8.972384
2014-07-04,9.22987,9.210063,9.061514,9.011997
2014-07-07,9.408129,9.160547,9.219967,9.11103
2014-07-08,9.25958,9.22987,9.130837,9.091224
2014-07-09,9.249677,8.972384,9.210063,8.962481
2014-07-10,9.011997,8.843641,8.982288,8.813932
2014-07-11,9.081321,9.002094,8.823835,8.794125
2014-07-14,9.061514,9.031804,9.011997,8.952578
2014-07-15,9.051611,8.962481,9.031804,8.883255
2014-07-16,9.061514,8.992191,8.972384,8.903061
2014-07-17,9.011997,8.903061,9.002094,8.903061
2014-07-18,9.002094,8.903061,8.893158,8.863448
2014-07-21,8.982288,8.833738,8.903061,8.804028
2014-07-22,8.863448,8.823835,8.843641,8.734705
2014-07-23,8.912965,8.754512,8.823835,8.744609
2014-07-24,8.843641,8.695092,8.754512,8.675285
2014-07-25,8.893158,8.883255,8.695092,8.635672
2014-07-28,9.041707,9.011997,8.922868,8.853545
2014-07-29,9.061514,9.011997,9.021901,8.962481
2014-07-30,9.051611,9.011997,9.002094,8.952578
2014-07-31,9.14074,9.130837,9.011997,9.011997
2014-08-01,9.20016,8.972384,9.20016,8.962481
2014-08-04,9.051611,9.031804,8.972384,8.962481
2014-08-05,9.120934,9.071417,9.051611,8.952578
2014-08-06,9.14074,9.091224,9.051611,8.992191
2014-08-07,9.160547,9.051611,9.081321,9.021901
2014-08-08,9.942907,9.725035,9.041707,9.041707
2014-08-11,9.833971,9.754745,9.616098,9.576485
2014-08-12,10.04194,9.695325,9.784454,9.675518
2014-08-13,9.754745,9.606195,9.744841,9.546775
2014-08-14,9.655712,9.546775,9.576485,9.467549
2014-08-15,9.853777,9.715131,9.685421,9.645808
2014-08-18,9.784454,9.734938,9.635905,9.626002
2014-08-19,9.95281,9.903294,9.764648,9.705228
2014-08-20,9.98252,9.814164,9.95281,9.744841
2014-08-21,9.804261,9.665615,9.804261,9.626002
2014-08-22,9.774551,9.744841,9.675518,9.655712
2014-08-25,9.98252,9.794358,9.754745,9.695325
2014-08-26,9.843874,9.645808,9.754745,9.635905
2014-08-27,9.754745,9.695325,9.645808,9.606195
2014-08-28,9.774551,9.616098,9.725035,9.606195
2014-08-29,9.715131,9.705228,9.616098,9.616098
2014-09-01,9.883487,9.824068,9.685421,9.665615
2014-09-02,9.98252,9.903294,9.814164,9.814164
2014-09-03,9.962714,9.893391,9.942907,9.804261
2014-09-04,10.863913,10.447975,9.913197,9.893391
2014-09-05,10.507395,10.438072,10.457878,10.299426
2014-09-09,10.745074,10.487588,10.438072,10.368749
2014-09-10,10.695557,10.636138,10.497492,10.378652
2014-09-11,10.754977,10.438072,10.665848,10.398459
2014-09-12,10.576718,10.576718,10.398459,10.329136
2014-09-15,10.586621,10.527201,10.556911,10.398459
2014-09-16,10.834204,10.438072,10.547008,10.388555
2014-09-17,10.547008,10.398459,10.487588,10.150876
2014-09-18,10.388555,10.269716,10.368749,10.200393
2014-09-19,10.388555,10.378652,10.269716,10.269716
2014-09-22,10.388555,10.220199,10.348942,10.150876
2014-09-23,10.517298,10.447975,10.348942,10.339039
2014-09-24,10.695557,10.576718,10.398459,10.329136
2014-09-25,10.646041,10.556911,10.576718,10.477685
2014-09-26,10.695557,10.636138,10.576718,10.507395
2014-09-29,10.844107,10.655944,10.695557,10.606428
2014-09-30,10.754977,10.675751,10.655944,10.556911
2014-10-08,10.774784,10.695557,10.685654,10.606428
2014-10-09,10.745074,10.547008,10.695557,10.398459
2014-10-10,10.556911,10.358845,10.487588,10.339039
2014-10-13,10.368749,10.269716,10.358845,10.121166
2014-10-14,10.378652,10.249909,10.269716,10.180586
2014-10-15,10.319232,10.299426,10.240006,10.10136
2014-10-16,10.497492,10.319232,10.269716,10.210296
2014-10-17,10.339039,10.081553,10.319232,10.01223
2014-10-20,10.220199,10.200393,10.10136,10.10136
2014-10-21,10.497492,10.467782,10.269716,10.210296
2014-10-22,10.477685,10.180586,10.457878,10.140973
2014-10-23,10.200393,10.04194,10.13107,10.032037
2014-10-24,10.16078,10.10136,10.07165,10.022133
2014-10-27,10.289522,10.200393,10.121166,10.121166
2014-10-28,10.348942,10.309329,10.170683,10.170683
2014-10-29,10.675751,10.517298,10.289522,10.249909
2014-10-30,10.655944,10.636138,10.517298,10.428168
2014-10-31,10.745074,10.537105,10.646041,10.497492
2014-11-03,10.507395,10.388555,10.497492,10.259812
2014-11-04,10.329136,10.140973,10.329136,10.13107
2014-11-05,10.457878,10.299426,10.121166,10.061747
2014-11-06,10.487588,10.240006,10.259812,10.190489
2014-11-07,10.398459,10.279619,10.240006,10.220199
2014-11-10,10.398459,10.329136,10.348942,10.259812
2014-11-11,10.388555,10.180586,10.378652,10.081553
2014-11-12,11.180819,10.933236,10.121166,10.111263
2014-11-13,11.428401,11.289755,10.94314,10.745074
2014-11-14,11.527434,11.428401,11.121399,11.121399
2014-11-17,11.527434,11.428401,11.121399,11.121399
2014-11-18,11.527434,11.428401,11.121399,11.121399
2014-11-19,11.527434,11.428401,11.121399,11.121399
2014-11-20,11.527434,11.428401,11.121399,11.121399
2014-11-21,11.953276,10.97285,11.883953,10.834204
2014-11-24,11.121399,10.91343,10.97285,10.754977
2014-11-25,11.378885,11.161012,10.982753,10.814397
2014-11-26,11.250142,11.210529,11.121399,11.032269
2014-11-27,11.319465,11.230335,11.319465,11.131302
2014-11-28,11.359078,11.032269,11.230335,11.012463
2014-12-01,11.101592,10.863913,11.091689,10.774784
2014-12-02,11.042173,10.962946,10.814397,10.814397
2014-12-03,10.97285,10.873817,10.962946,10.76488
2014-12-04,11.180819,11.052076,10.873817,10.804494
2014-12-05,11.061979,10.695557,11.061979,10.527201
2014-12-08,10.695557,10.487588,10.646041,10.398459
2014-12-09,10.507395,9.992424,10.507395,9.903294
2014-12-10,10.279619,10.249909,9.992424,9.933004
2014-12-11,10.507395,10.457878,10.16078,10.111263
2014-12-12,10.537105,10.428168,10.507395,10.319232
2014-12-15,10.398459,10.358845,10.398459,10.170683
2014-12-16,10.675751,10.636138,10.358845,10.289522
2014-12-17,10.735171,10.428168,10.606428,10.368749
2014-12-18,10.566815,10.408362,10.487588,10.378652
2014-12-19,10.339039,10.140973,10.299426,10.022133
2014-12-22,10.111263,9.388323,10.10136,9.28929
2014-12-23,9.675518,9.348709,9.388323,9.22987
2014-12-24,9.665615,9.616098,9.398226,9.348709
2014-12-25,10.002327,9.972617,9.665615,9.606195
2014-12-26,10.081553,9.853777,10.002327,9.814164
2014-12-29,10.655944,10.13107,10.10136,9.95281
2014-12-30,10.655944,10.487588,10.249909,10.249909
2014-12-31,10.537105,10.329136,10.477685,10.240006
2015-01-05,10.655944,10.348942,10.408362,10.348942
2015-01-06,10.428168,10.378652,10.348942,10.210296
2015-01-07,10.408362,10.190489,10.388555,10.13107
2015-01-08,10.319232,10.002327,10.190489,9.95281
2015-01-09,10.13107,10.032037,9.962714,9.804261
2015-01-12,9.992424,9.705228,9.992424,9.596292
2015-01-13,9.883487,9.843874,9.705228,9.665615
2015-01-14,9.873584,9.596292,9.804261,9.576485
2015-01-15,9.794358,9.734938,9.725035,9.606195
2015-01-16,9.873584,9.833971,9.725035,9.635905
2015-01-19,9.744841,9.319,9.606195,9.210063
2015-01-20,9.685421,9.546775,9.408129,9.408129
2015-01-21,9.98252,9.903294,9.596292,9.596292
2015-01-22,10.269716,10.121166,9.95281,9.923101
2015-01-23,10.240006,10.10136,10.240006,10.002327
2015-01-26,10.230103,10.170683,10.190489,10.051843
2015-01-27,10.94314,10.636138,10.309329,10.259812
2015-01-28,10.8243,10.626234,10.636138,10.527201
2015-01-29,10.814397,10.685654,10.636138,10.547008
2015-01-30,10.745074,10.457878,10.616331,10.378652
2015-02-02,10.547008,10.388555,10.467782,10.348942
2015-02-03,10.893623,10.616331,10.398459,10.398459
2015-02-04,10.705461,10.606428,10.596524,10.507395
2015-02-05,10.705461,10.388555,10.636138,10.368749
2015-02-06,10.358845,9.992424,10.339039,9.863681
2015-02-09,10.051843,9.98252,9.942907,9.903294
2015-02-10,10.04194,10.002327,9.98252,9.933004
2015-02-11,10.408362,10.378652,10.091456,10.04194
2015-02-12,10.576718,10.289522,10.477685,10.240006
2015-02-13,10.576718,10.289522,10.477685,10.240006
2015-02-16,10.576718,10.289522,10.477685,10.240006
2015-02-17,10.576718,10.289522,10.477685,10.240006
2015-02-25,10.576718,10.289522,10.477685,10.240006
2015-02-26,10.576718,10.289522,10.477685,10.240006
2015-02-27,10.576718,10.289522,10.477685,10.240006
2015-03-02,10.576718,10.289522,10.477685,10.240006
2015-03-03,10.576718,10.289522,10.477685,10.240006
2015-03-04,10.576718,10.289522,10.477685,10.240006
2015-03-05,10.576718,10.289522,10.477685,10.240006
2015-03-06,10.576718,10.289522,10.477685,10.240006
2015-03-09,10.576718,10.289522,10.477685,10.240006
2015-03-10,10.576718,10.289522,10.477685,10.240006
2015-03-11,10.576718,10.289522,10.477685,10.240006
2015-03-12,10.576718,10.289522,10.477685,10.240006
2015-03-13,10.576718,10.289522,10.477685,10.240006
2015-03-16,10.576718,10.289522,10.477685,10.240006
2015-03-17,10.576718,10.289522,10.477685,10.240006
2015-03-18,10.576718,10.289522,10.477685,10.240006
2015-03-19,10.576718,10.289522,10.477685,10.240006
2015-03-20,10.576718,10.289522,10.477685,10.240006
2015-03-23,10.576718,10.289522,10.477685,10.240006
2015-03-24,10.576718,10.289522,10.477685,10.240006
2015-03-25,10.576718,10.289522,10.477685,10.240006
2015-03-26,10.576718,10.289522,10.477685,10.240006
2015-03-27,10.576718,10.289522,10.477685,10.240006
2015-03-30,10.576718,10.289522,10.477685,10.240006
2015-03-31,10.576718,10.289522,10.477685,10.240006
2015-04-01,10.576718,10.289522,10.477685,10.240006
2015-04-02,10.576718,10.289522,10.477685,10.240006
2015-04-03,11.319465,11.319465,11.319465,11.319465
2015-04-07,12.44844,12.44844,12.44844,12.44844
2015-04-08,13.696255,13.696255,13.696255,13.696255
2015-04-09,15.06291,15.06291,15.06291,15.06291
2015-04-10,16.568211,16.568211,16.518694,15.84527
2015-04-13,17.984382,17.073279,16.617727,16.439468
2015-04-14,17.003956,16.71676,16.984149,16.380048
2015-04-15,18.281481,17.816026,16.71676,15.795754
2015-04-16,17.825929,17.202022,17.736799,17.063375
2015-04-17,18.083415,16.875213,17.310958,16.825696
2015-04-20,17.182215,16.568211,16.815793,16.340435
2015-04-21,17.310958,17.221828,16.934633,16.588017
2015-04-22,17.687283,17.340668,17.320861,17.053472
2015-04-23,17.578347,17.320861,17.538734,17.063375
2015-04-24,19.053937,19.053937,17.132698,16.934633
2015-04-27,20.777111,20.222526,19.608522,19.21239
2015-04-28,20.103687,18.746935,19.766975,18.618193
2015-04-29,19.806588,19.113357,18.637999,18.439933
2015-04-30,19.549102,18.816258,19.133164,18.509256
2015-05-04,18.855872,18.707322,18.766742,18.023995
2015-05-05,18.667709,18.043802,18.667709,17.627863
2015-05-06,18.34254,17.645484,18.043802,17.555862
2015-05-07,18.740858,18.252918,17.51603,17.426409
2015-05-08,19.049554,18.860353,18.571573,18.312666
2015-05-11,19.786442,19.706779,19.198923,18.969891
2015-05-12,21.678452,21.678452,19.597241,19.45783
2015-05-13,23.550547,21.489251,22.285887,21.409588
2015-05-14,23.00286,22.85349,21.479294,21.479294
2015-05-15,23.580421,22.85349,22.803701,21.658537
2015-05-18,24.84508,24.337225,22.803701,22.495004
2015-05-19,25.402725,24.89487,24.775374,23.709874
2015-05-20,27.384357,26.428394,25.193608,25.024323
2015-05-21,27.205114,27.085618,27.205114,26.219277
2015-05-22,27.185198,26.707216,27.07566,25.900622
2015-05-25,29.375946,29.375946,26.986039,26.986039
2015-05-26,32.313541,32.313541,31.666274,30.879596
2015-05-27,35.549874,35.549874,34.952397,34.643701
2015-05-28,35.549874,35.549874,34.952397,34.643701
2015-05-29,35.549874,35.549874,34.952397,34.643701
2015-06-01,39.104861,39.104861,35.848612,34.812986
2015-06-02,42.918755,39.622675,40.827586,37.740622
2015-06-03,43.585938,43.078082,38.835997,37.860118
2015-06-04,45.258873,41.235862,42.02254,38.766291
2015-06-05,42.789302,39.005282,41.843297,38.367973
2015-06-08,39.413558,38.726459,38.128982,36.34651
2015-06-09,40.80767,40.011034,38.099108,38.099108
2015-06-10,43.894634,42.829134,39.981161,39.333894
2015-06-11,43.775139,43.257325,43.018335,41.723802
2015-06-12,46.872061,43.446526,43.416653,42.221699
2015-06-15,44.30291,41.484811,43.018335,41.325484
2015-06-16,41.474853,37.880034,41.474853,37.641043
2015-06-17,40.817628,39.801918,37.989571,37.989571
2015-06-18,41.693928,38.855913,39.871623,38.666712
2015-06-19,40.429268,36.565585,38.23852,35.938234
2015-06-23,37.80037,35.012145,36.29672,32.911018
2015-06-24,36.535711,35.330799,35.360673,33.866981
2015-06-25,37.242725,34.195593,35.699243,33.359125
2015-06-26,32.871186,30.780017,32.861228,30.780017
2015-06-29,32.871186,30.780017,32.861228,30.780017
2015-06-30,32.871186,30.780017,32.861228,30.780017
2015-07-01,32.871186,30.780017,32.861228,30.780017
2015-07-02,32.871186,30.780017,32.861228,30.780017
2015-07-03,32.871186,30.780017,32.861228,30.780017
2015-07-06,32.871186,30.780017,32.861228,30.780017
2015-07-07,32.871186,30.780017,32.861228,30.780017
2015-07-08,32.871186,30.780017,32.861228,30.780017
2015-07-09,32.871186,30.780017,32.861228,30.780017
2015-07-10,32.871186,30.780017,32.861228,30.780017
2015-07-13,32.871186,30.780017,32.861228,30.780017
2015-07-14,32.871186,30.780017,32.861228,30.780017
2015-07-15,32.871186,30.780017,32.861228,30.780017
2015-07-16,32.871186,30.780017,32.861228,30.780017
2015-07-17,32.871186,30.780017,32.861228,30.780017
2015-07-20,32.871186,30.780017,32.861228,30.780017
2015-07-21,32.871186,30.780017,32.861228,30.780017
2015-07-22,32.871186,30.780017,32.861228,30.780017
2015-07-23,32.871186,30.780017,32.861228,30.780017
2015-07-24,32.871186,30.780017,32.861228,30.780017
2015-07-27,32.871186,30.780017,32.861228,30.780017
2015-07-28,32.871186,30.780017,32.861228,30.780017
2015-07-29,32.871186,30.780017,32.861228,30.780017
2015-07-30,32.871186,30.780017,32.861228,30.780017
2015-07-31,32.871186,30.780017,32.861228,30.780017
2015-08-03,32.871186,30.780017,32.861228,30.780017
2015-08-04,32.871186,30.780017,32.861228,30.780017
2015-08-05,32.871186,30.780017,32.861228,30.780017
2015-08-06,32.871186,30.780017,32.861228,30.780017
2015-08-07,32.871186,30.780017,32.861228,30.780017
2015-08-10,32.871186,30.780017,32.861228,30.780017
2015-08-11,32.871186,30.780017,32.861228,30.780017
2015-08-12,32.871186,30.780017,32.861228,30.780017
2015-08-13,32.871186,30.780017,32.861228,30.780017
2015-08-14,32.871186,30.780017,32.861228,30.780017
2015-08-17,32.871186,30.780017,32.861228,30.780017
2015-08-18,32.871186,30.780017,32.861228,30.780017
2015-08-19,32.871186,30.780017,32.861228,30.780017
2015-08-20,32.871186,30.780017,32.861228,30.780017
2015-08-21,32.871186,30.780017,32.861228,30.780017
2015-08-24,32.871186,30.780017,32.861228,30.780017
2015-08-25,32.871186,30.780017,32.861228,30.780017
2015-08-26,32.871186,30.780017,32.861228,30.780017
2015-08-27,32.871186,30.780017,32.861228,30.780017
2015-08-28,32.871186,30.780017,32.861228,30.780017
2015-08-31,32.871186,30.780017,32.861228,30.780017
2015-09-01,32.871186,30.780017,32.861228,30.780017
2015-09-02,32.871186,30.780017,32.861228,30.780017
2015-09-07,32.871186,30.780017,32.861228,30.780017
2015-09-08,32.871186,30.780017,32.861228,30.780017
2015-09-09,32.871186,30.780017,32.861228,30.780017
2015-09-10,32.871186,30.780017,32.861228,30.780017
2015-09-11,32.871186,30.780017,32.861228,30.780017
2015-09-14,32.871186,30.780017,32.861228,30.780017
2015-09-15,32.871186,30.780017,32.861228,30.780017
2015-09-16,32.871186,30.780017,32.861228,30.780017
2015-09-17,32.871186,30.780017,32.861228,30.780017
2015-09-18,32.871186,30.780017,32.861228,30.780017
2015-09-21,32.871186,30.780017,32.861228,30.780017
2015-09-22,32.871186,30.780017,32.861228,30.780017
2015-09-23,32.871186,30.780017,32.861228,30.780017
2015-09-24,32.871186,30.780017,32.861228,30.780017
2015-09-25,32.871186,30.780017,32.861228,30.780017
2015-09-28,32.871186,30.780017,32.861228,30.780017
2015-09-29,32.871186,30.780017,32.861228,30.780017
2015-09-30,32.871186,30.780017,32.861228,30.780017
2015-10-08,32.871186,30.780017,32.861228,30.780017
2015-10-09,32.871186,30.780017,32.861228,30.780017
2015-10-12,32.871186,30.780017,32.861228,30.780017
2015-10-13,32.871186,30.780017,32.861228,30.780017
2015-10-14,32.871186,30.780017,32.861228,30.780017
2015-10-15,32.871186,30.780017,32.861228,30.780017
2015-10-16,32.871186,30.780017,32.861228,30.780017
2015-10-19,32.871186,30.780017,32.861228,30.780017
2015-10-20,32.871186,30.780017,32.861228,30.780017
2015-10-21,32.871186,30.780017,32.861228,30.780017
2015-10-22,32.871186,30.780017,32.861228,30.780017
2015-10-23,32.871186,30.780017,32.861228,30.780017
2015-10-26,32.871186,30.780017,32.861228,30.780017
2015-10-27,32.871186,30.780017,32.861228,30.780017
2015-10-28,32.871186,30.780017,32.861228,30.780017
2015-10-29,32.871186,30.780017,32.861228,30.780017
2015-10-30,32.871186,30.780017,32.861228,30.780017
2015-11-02,32.871186,30.780017,32.861228,30.780017
2015-11-03,32.871186,30.780017,32.861228,30.780017
2015-11-04,32.871186,30.780017,32.861228,30.780017
2015-11-05,33.717611,32.02476,29.236535,29.236535
2015-11-06,35.23122,35.23122,32.46291,32.46291
2015-11-09,38.636838,36.207098,36.645248,35.649453
2015-11-10,39.762086,38.845955,36.844407,36.29672
2015-11-11,38.875828,38.119024,38.636838,37.342304
2015-11-12,38.597006,37.690833,38.158856,37.242725
2015-11-13,38.537258,37.51159,37.641043,37.143145
2015-11-16,39.782002,37.979613,38.039361,37.551421
2015-11-17,38.258436,36.107519,37.860118,35.848612
2015-11-18,36.904155,34.175677,36.147351,33.807233
2015-11-19,35.838654,35.669369,34.852817,33.717611
2015-11-20,37.441884,36.864323,35.729117,35.599664
2015-11-23,36.874281,35.56979,36.844407,35.400505
2015-11-24,35.549874,34.524205,35.549874,33.568242
2015-11-25,35.430378,34.603869,34.653659,33.866981
2015-11-26,34.832902,33.299378,34.653659,33.23963
2015-11-27,34.225467,33.697696,33.369083,32.960807
2015-11-30,34.155761,31.984929,34.155761,30.331909
2015-12-01,34.155761,31.984929,34.155761,30.331909
2015-12-02,33.817191,31.994886,32.363331,31.775812
2015-12-03,34.325046,33.787317,31.666274,31.666274
2015-12-04,34.325046,33.408915,33.558284,32.861228
2015-12-07,33.518452,33.179882,33.508495,32.403162
2015-12-08,33.558284,31.885349,33.388999,31.377494
2015-12-09,31.815643,31.048881,31.616484,30.849722
2015-12-10,31.307788,30.013255,30.102876,29.923633
2015-12-11,29.873844,28.718722,29.873844,27.882254
2015-12-14,29.873844,28.718722,29.873844,27.882254
2015-12-15,29.873844,28.718722,29.873844,27.882254
2015-12-16,29.873844,28.718722,29.873844,27.882254
2015-12-17,29.873844,28.718722,29.873844,27.882254
2015-12-18,29.873844,28.718722,29.873844,27.882254
2015-12-21,29.873844,28.718722,29.873844,27.882254
2015-12-22,29.873844,28.718722,29.873844,27.882254
2015-12-23,29.873844,28.718722,29.873844,27.882254
2015-12-24,29.873844,28.718722,29.873844,27.882254
2015-12-25,29.873844,28.718722,29.873844,27.882254
2015-12-28,29.873844,28.718722,29.873844,27.882254
2015-12-29,29.873844,28.718722,29.873844,27.882254
2015-12-30,29.873844,28.718722,29.873844,27.882254
2015-12-31,29.873844,28.718722,29.873844,27.882254
2016-01-04,29.873844,28.718722,29.873844,27.882254
2016-01-05,29.873844,28.718722,29.873844,27.882254
2016-01-06,29.873844,28.718722,29.873844,27.882254
2016-01-07,29.873844,28.718722,29.873844,27.882254
2016-01-08,29.873844,28.718722,29.873844,27.882254
2016-01-11,29.873844,28.718722,29.873844,27.882254
2016-01-12,29.873844,28.718722,29.873844,27.882254
2016-01-13,29.873844,28.718722,29.873844,27.882254
2016-01-14,29.873844,28.718722,29.873844,27.882254
2016-01-15,29.873844,28.718722,29.873844,27.882254
2016-01-18,29.873844,28.718722,29.873844,27.882254
2016-01-19,29.873844,28.718722,29.873844,27.882254
2016-01-20,29.873844,28.718722,29.873844,27.882254
2016-01-21,29.873844,28.718722,29.873844,27.882254
2016-01-22,29.873844,28.718722,29.873844,27.882254
2016-01-25,29.873844,28.718722,29.873844,27.882254
2016-01-26,29.873844,28.718722,29.873844,27.882254
2016-01-27,29.873844,28.718722,29.873844,27.882254
2016-01-28,29.873844,28.718722,29.873844,27.882254
2016-01-29,29.873844,28.718722,29.873844,27.882254
2016-02-01,29.873844,28.718722,29.873844,27.882254
2016-02-02,29.873844,28.718722,29.873844,27.882254
2016-02-03,29.873844,28.718722,29.873844,27.882254
2016-02-04,29.873844,28.718722,29.873844,27.882254
2016-02-05,29.873844,28.718722,29.873844,27.882254
2016-02-15,29.873844,28.718722,29.873844,27.882254
2016-02-16,29.873844,28.718722,29.873844,27.882254
2016-02-17,29.873844,28.718722,29.873844,27.882254
2016-02-18,29.873844,28.718722,29.873844,27.882254
2016-02-19,29.873844,28.718722,29.873844,27.882254
2016-02-22,29.873844,28.718722,29.873844,27.882254
2016-02-23,29.873844,28.718722,29.873844,27.882254
2016-02-24,29.873844,28.718722,29.873844,27.882254
2016-02-25,29.873844,28.718722,29.873844,27.882254
2016-02-26,29.873844,28.718722,29.873844,27.882254
2016-02-29,29.873844,28.718722,29.873844,27.882254
2016-03-01,29.873844,28.718722,29.873844,27.882254
2016-03-02,29.873844,28.718722,29.873844,27.882254
2016-03-03,29.873844,28.718722,29.873844,27.882254
2016-03-04,29.873844,28.718722,29.873844,27.882254
2016-03-07,29.873844,28.718722,29.873844,27.882254
2016-03-08,29.873844,28.718722,29.873844,27.882254
2016-03-09,29.873844,28.718722,29.873844,27.882254
2016-03-10,29.873844,28.718722,29.873844,27.882254
2016-03-11,29.873844,28.718722,29.873844,27.882254
2016-03-14,29.873844,28.718722,29.873844,27.882254
2016-03-15,29.873844,28.718722,29.873844,27.882254
2016-03-16,29.873844,28.718722,29.873844,27.882254
2016-03-17,29.873844,28.718722,29.873844,27.882254
2016-03-18,29.873844,28.718722,29.873844,27.882254
2016-03-21,29.873844,28.718722,29.873844,27.882254
2016-03-22,29.873844,28.718722,29.873844,27.882254
2016-03-23,29.873844,28.718722,29.873844,27.882254
2016-03-24,29.873844,28.718722,29.873844,27.882254
2016-03-25,29.873844,28.718722,29.873844,27.882254
2016-03-28,29.873844,28.718722,29.873844,27.882254
2016-03-29,29.873844,28.718722,29.873844,27.882254
2016-03-30,29.873844,28.718722,29.873844,27.882254
2016-03-31,29.873844,28.718722,29.873844,27.882254
2016-04-01,29.873844,28.718722,29.873844,27.882254
2016-04-05,29.873844,28.718722,29.873844,27.882254
2016-04-06,28.57931,26.468225,25.91058,25.850833
2016-04-07,27.842422,27.264861,26.229235,25.980286
2016-04-08,26.846627,25.472431,26.846627,25.034281
2016-04-11,26.249151,25.721379,25.791085,25.552094
2016-04-12,25.930496,24.755458,25.741295,24.197813
2016-04-13,25.641716,25.094029,24.89487,24.546341
2016-04-14,26.069907,25.920538,25.094029,25.054197
2016-04-15,26.020118,25.920538,25.940454,25.532178
2016-04-18,25.67159,24.89487,25.67159,24.606089
2016-04-19,26.308898,26.239193,25.064155,24.89487
2016-04-20,26.776922,25.482389,26.537931,24.287435
2016-04-21,25.402725,24.426846,25.193608,24.396972
2016-04-22,25.402725,24.426846,25.193608,24.396972
2016-04-25,24.855038,23.072565,24.855038,22.704121
2016-04-26,22.95307,22.85349,22.554752,22.116602
2016-04-27,23.082523,22.694163,22.803701,22.495004
2016-04-28,22.982944,22.893322,22.753911,22.355593
2016-04-29,23.102439,22.604542,22.803701,22.584626
2016-05-03,23.829369,23.739748,22.753911,22.485046
2016-05-04,23.978738,23.500757,23.600336,23.401177
2016-05-05,23.998654,23.68,23.779579,23.480841
2016-05-06,24.08,21.54,23.93,21.49
2016-05-09,21.3,20.01,21.3,19.6
2016-05-10,20.12,19.35,19.98,19.12
2016-05-11,19.92,19.22,19.48,19.2
2016-05-12,19.75,19.67,18.72,18.1
2016-05-13,19.75,19.25,19.6,18.8
2016-05-16,19.88,19.71,18.96,18.85
2016-05-17,19.86,19.41,19.86,19.18
2016-05-18,19.13,18.54,19.13,18.26
2016-05-19,19.13,18.54,19.13,18.26
2016-05-20,19.13,18.54,19.13,18.26
2016-05-23,19.13,18.54,19.13,18.26
2016-05-24,19.13,18.54,19.13,18.26
2016-05-25,19.13,18.54,19.13,18.26
2016-05-26,19.13,18.54,19.13,18.26
2016-05-27,19.13,18.54,19.13,18.26
2016-05-30,19.13,18.54,19.13,18.26
2016-05-31,19.13,18.54,19.13,18.26
2016-06-01,19.13,18.54,19.13,18.26
2016-06-02,19.13,18.54,19.13,18.26
2016-06-03,19.13,18.54,19.13,18.26
2016-06-06,19.13,18.54,19.13,18.26
2016-06-07,19.13,18.54,19.13,18.26
2016-06-08,19.13,18.54,19.13,18.26
2016-06-13,19.13,18.54,19.13,18.26
2016-06-14,19.13,18.54,19.13,18.26
2016-06-15,19.13,18.54,19.13,18.26
2016-06-16,19.13,18.54,19.13,18.26
2016-06-17,19.13,18.54,19.13,18.26
2016-06-20,19.13,18.54,19.13,18.26
2016-06-21,19.13,18.54,19.13,18.26
2016-06-22,19.13,18.54,19.13,18.26
2016-06-23,19.13,18.54,19.13,18.26
2016-06-24,19.13,18.54,19.13,18.26
2016-06-27,19.13,18.54,19.13,18.26
2016-06-28,19.13,18.54,19.13,18.26
2016-06-29,19.13,18.54,19.13,18.26
2016-06-30,19.13,18.54,19.13,18.26
2016-07-01,19.13,18.54,19.13,18.26
2016-07-04,19.13,18.54,19.13,18.26
2016-07-05,19.13,18.54,19.13,18.26
2016-07-06,19.13,18.54,19.13,18.26
2016-07-07,19.13,18.54,19.13,18.26
2016-07-08,19.13,18.54,19.13,18.26
2016-07-11,19.13,18.54,19.13,18.26
2016-07-12,19.13,18.54,19.13,18.26
2016-07-13,19.13,18.54,19.13,18.26
2016-07-14,19.13,18.54,19.13,18.26
2016-07-15,19.13,18.54,19.13,18.26
2016-07-18,19.13,18.54,19.13,18.26
2016-07-19,19.13,18.54,19.13,18.26
2016-07-20,19.13,18.54,19.13,18.26
2016-07-21,19.13,18.54,19.13,18.26
2016-07-22,19.13,18.54,19.13,18.26
2016-07-25,19.13,18.54,19.13,18.26
2016-07-26,19.13,18.54,19.13,18.26
2016-07-27,19.13,18.54,19.13,18.26
2016-07-28,19.13,18.54,19.13,18.26
2016-07-29,19.13,18.54,19.13,18.26
2016-08-01,19.13,18.54,19.13,18.26
2016-08-02,19.13,18.54,19.13,18.26
2016-08-03,19.13,18.54,19.13,18.26
2016-08-04,19.13,18.54,19.13,18.26
2016-08-05,19.13,18.54,19.13,18.26
2016-08-08,20.39,20.39,20.39,20.0
2016-08-09,22.39,22.32,20.44,20.0
2016-08-10,22.31,21.82,21.68,21.5
2016-08-11,21.76,20.98,21.61,20.9
2016-08-12,21.34,21.13,21.12,20.69
2016-08-15,21.74,21.39,21.18,20.59
2016-08-16,21.96,21.5,21.36,21.24
2016-08-17,21.74,21.35,21.64,21.1
2016-08-18,21.43,21.0,21.36,20.95
2016-08-19,21.5,21.17,21.02,20.82
2016-08-22,21.22,20.12,21.18,20.03
2016-08-23,20.46,20.43,20.12,19.66
2016-08-24,20.55,20.23,20.53,20.18
2016-08-25,20.1,19.97,20.09,19.65
2016-08-26,20.45,20.22,20.0,20.0
2016-08-29,20.68,20.32,20.08,20.06
2016-08-30,21.47,21.3,20.59,20.48
2016-08-31,21.48,21.25,21.25,20.88
2016-09-01,21.33,20.68,21.26,20.6
2016-09-02,20.84,20.23,20.54,20.06
2016-09-05,20.34,20.02,20.34,19.86
2016-09-06,20.79,20.64,20.02,19.9
2016-09-07,21.73,21.27,20.65,20.4
2016-09-08,21.29,21.04,21.0,20.9
2016-09-09,21.97,21.5,21.04,21.04
2016-09-12,21.1,20.15,20.9,20.1
2016-09-13,22.16,21.75,20.38,20.1
2016-09-14,23.5,22.83,21.4,21.3
2016-09-19,24.76,24.38,22.86,22.38
2016-09-20,24.75,23.94,24.19,23.54
2016-09-21,24.19,23.74,23.67,23.42
2016-09-22,24.07,23.31,23.96,23.27
2016-09-23,24.15,23.65,23.18,23.1
2016-09-26,23.6,22.47,23.59,22.29
2016-09-27,23.08,22.92,22.47,22.31
2016-09-28,23.39,23.01,23.0,22.6
2016-09-29,23.29,22.73,22.89,22.7
2016-09-30,23.18,22.77,22.65,22.6
2016-10-10,23.94,23.87,23.0,22.91
2016-10-11,24.09,23.71,23.77,23.5
2016-10-12,23.63,23.25,23.5,23.12
2016-10-13,23.57,23.36,23.2,23.05
2016-10-14,23.28,22.53,23.2,22.37
2016-10-17,22.7,21.79,22.5,21.61
2016-10-18,22.18,22.16,21.81,21.65
2016-10-19,22.22,21.9,22.16,21.81
2016-10-20,22.47,22.3,21.92,21.61
2016-10-21,22.22,21.9,22.22,21.7
2016-10-24,22.15,21.87,21.8,21.73
2016-10-25,22.5,22.28,21.84,21.8
2016-10-26,22.4,21.87,22.23,21.81
2016-10-27,22.06,21.97,21.79,21.69
2016-10-28,22.05,21.04,21.95,21.0
2016-10-31,21.1,20.46,21.07,20.3
2016-11-01,20.74,20.64,20.55,20.45
2016-11-02,20.58,20.14,20.58,20.02
2016-11-03,20.41,20.15,19.95,19.92
2016-11-04,20.36,20.19,20.15,20.11
2016-11-07,20.73,20.43,20.19,20.19
2016-11-08,20.6,20.33,20.5,20.26
2016-11-09,20.3,19.48,20.2,19.21
2016-11-10,19.85,19.64,19.79,19.56
2016-11-11,19.84,19.61,19.65,19.56
2016-11-14,19.87,19.74,19.6,19.56
2016-11-15,20.7,20.5,19.71,19.63
2016-11-16,20.77,20.36,20.35,20.31
2016-11-17,20.45,20.15,20.37,20.04
2016-11-18,20.3,19.91,20.08,19.85
2016-11-21,20.38,20.09,20.1,19.94
2016-11-22,20.15,20.14,20.08,19.9
2016-11-23,20.16,19.86,20.14,19.8
2016-11-24,19.93,19.49,19.87,19.48
2016-11-25,19.65,19.5,19.55,19.04
2016-11-28,19.75,19.65,19.63,19.44
2016-11-29,19.7,19.33,19.66,19.28
2016-11-30,19.58,19.36,19.33,19.15
2016-12-01,19.59,19.53,19.37,19.32
2016-12-02,19.55,19.02,19.55,19.0
2016-12-05,19.03,18.76,18.57,18.41
2016-12-06,19.03,18.91,18.8,18.8
2016-12-07,19.52,19.46,18.97,18.9
2016-12-08,19.51,19.23,19.5,19.19
2016-12-09,19.44,19.21,19.18,19.12
2016-12-12,19.28,17.47,19.23,17.29
2016-12-13,17.61,17.43,17.4,17.3
2016-12-14,17.61,17.43,17.4,17.3
2016-12-15,17.61,17.43,17.4,17.3
2016-12-16,17.61,17.43,17.4,17.3
2016-12-19,17.61,17.43,17.4,17.3
2016-12-20,17.61,17.43,17.4,17.3
2016-12-21,17.61,17.43,17.4,17.3
2016-12-22,17.61,17.43,17.4,17.3
2016-12-23,17.61,17.43,17.4,17.3
2016-12-26,17.61,17.43,17.4,17.3
2016-12-27,17.61,17.43,17.4,17.3
2016-12-28,17.61,17.43,17.4,17.3
2016-12-29,17.61,17.43,17.4,17.3
2016-12-30,17.61,17.43,17.4,17.3
2017-01-03,17.61,17.43,17.4,17.3
2017-01-04,17.61,17.43,17.4,17.3
2017-01-05,17.61,17.43,17.4,17.3
2017-01-06,17.61,17.43,17.4,17.3
2017-01-09,17.61,17.43,17.4,17.3
2017-01-10,17.61,17.43,17.4,17.3
2017-01-11,17.61,17.43,17.4,17.3
2017-01-12,17.61,17.43,17.4,17.3
2017-01-13,17.61,17.43,17.4,17.3
2017-01-16,17.61,17.43,17.4,17.3
2017-01-17,17.61,17.43,17.4,17.3
2017-01-18,17.61,17.43,17.4,17.3
2017-01-19,17.61,17.43,17.4,17.3
2017-01-20,17.61,17.43,17.4,17.3
2017-01-23,17.61,17.43,17.4,17.3
2017-01-24,17.61,17.43,17.4,17.3
2017-01-25,17.61,17.43,17.4,17.3
2017-01-26,17.61,17.43,17.4,17.3
2017-02-03,17.61,17.43,17.4,17.3
2017-02-06,17.61,17.43,17.4,17.3
2017-02-07,17.61,17.43,17.4,17.3
2017-02-08,17.61,17.43,17.4,17.3
2017-02-09,17.61,17.43,17.4,17.3
2017-02-10,17.61,17.43,17.4,17.3
2017-02-13,17.61,17.43,17.4,17.3
2017-02-14,17.61,17.43,17.4,17.3
2017-02-15,17.61,17.43,17.4,17.3
2017-02-16,17.61,17.43,17.4,17.3
2017-02-17,17.61,17.43,17.4,17.3
2017-02-20,17.61,17.43,17.4,17.3
2017-02-21,17.61,17.43,17.4,17.3
2017-02-22,17.61,17.43,17.4,17.3
2017-02-23,17.61,17.43,17.4,17.3
2017-02-24,17.61,17.43,17.4,17.3
2017-02-27,17.61,17.43,17.4,17.3
2017-02-28,17.61,17.43,17.4,17.3
2017-03-01,17.61,17.43,17.4,17.3
2017-03-02,17.61,17.43,17.4,17.3
2017-03-03,17.61,17.43,17.4,17.3
2017-03-06,17.61,17.43,17.4,17.3
2017-03-07,17.61,17.43,17.4,17.3
2017-03-08,17.61,17.43,17.4,17.3
2017-03-09,17.61,17.43,17.4,17.3
2017-03-10,17.61,17.43,17.4,17.3
2017-03-13,17.61,17.43,17.4,17.3
2017-03-14,17.61,17.43,17.4,17.3
2017-03-15,17.61,17.43,17.4,17.3
2017-03-16,17.61,17.43,17.4,17.3
2017-03-17,17.61,17.43,17.4,17.3
2017-03-20,17.61,17.43,17.4,17.3
2017-03-21,17.61,17.43,17.4,17.3
2017-03-22,17.61,17.43,17.4,17.3
2017-03-23,17.61,17.43,17.4,17.3
2017-03-24,17.61,17.43,17.4,17.3
2017-03-27,17.61,17.43,17.4,17.3
2017-03-28,17.61,17.43,17.4,17.3
2017-03-29,17.61,17.43,17.4,17.3
2017-03-30,17.61,17.43,17.4,17.3
2017-03-31,17.61,17.43,17.4,17.3
2017-04-05,17.61,17.43,17.4,17.3
2017-04-06,17.61,17.43,17.4,17.3
2017-04-07,17.61,17.43,17.4,17.3
2017-04-10,17.61,17.43,17.4,17.3
2017-04-11,17.61,17.43,17.4,17.3
2017-04-12,17.61,17.43,17.4,17.3
2017-04-13,17.61,17.43,17.4,17.3
2017-04-14,17.61,17.43,17.4,17.3
2017-04-17,17.61,17.43,17.4,17.3
2017-04-18,17.61,17.43,17.4,17.3
2017-04-19,17.61,17.43,17.4,17.3
2017-04-20,17.61,17.43,17.4,17.3
2017-04-21,17.61,17.43,17.4,17.3
2017-04-24,17.61,17.43,17.4,17.3
2017-04-25,17.61,17.43,17.4,17.3
2017-04-26,17.61,17.43,17.4,17.3
2017-04-27,17.61,17.43,17.4,17.3
2017-04-28,17.61,17.43,17.4,17.3
2017-05-02,17.61,17.43,17.4,17.3
2017-05-03,17.61,17.43,17.4,17.3
2017-05-04,17.61,17.43,17.4,17.3
2017-05-05,17.61,17.43,17.4,17.3
2017-05-08,17.61,17.43,17.4,17.3
2017-05-09,17.61,17.43,17.4,17.3
2017-05-10,17.61,17.43,17.4,17.3
2017-05-11,17.61,17.43,17.4,17.3
2017-05-12,17.61,17.43,17.4,17.3
2017-05-15,17.61,17.43,17.4,17.3
2017-05-16,17.61,17.43,17.4,17.3
2017-05-17,17.61,17.43,17.4,17.3
2017-05-18,17.61,17.43,17.4,17.3
2017-05-19,17.61,17.43,17.4,17.3
2017-05-22,17.61,17.43,17.4,17.3
2017-05-23,17.61,17.43,17.4,17.3
2017-05-24,17.61,17.43,17.4,17.3
2017-05-25,17.61,17.43,17.4,17.3
2017-05-26,17.61,17.43,17.4,17.3
2017-05-31,16.56,16.56,16.56,16.56
2017-06-01,15.73,15.73,15.73,15.73
2017-06-02,14.94,14.94,14.94,14.94
2017-06-05,14.19,14.19,14.19,14.19
2017-06-06,13.48,13.48,13.48,13.48
2017-06-07,13.48,13.48,13.48,13.48
2017-06-08,13.48,13.48,13.48,13.48
2017-06-09,13.48,13.48,13.48,13.48
2017-06-12,13.48,13.48,13.48,13.48
2017-06-13,13.48,13.48,13.48,13.48
2017-06-14,13.48,13.48,13.48,13.48
2017-06-15,13.48,13.48,13.48,13.48
2017-06-16,13.48,13.48,13.48,13.48
2017-06-19,13.48,13.48,13.48,13.48
2017-06-20,13.48,13.48,13.48,13.48
2017-06-21,13.48,13.48,13.48,13.48
2017-06-22,13.48,13.48,13.48,13.48
2017-06-23,13.48,13.48,13.48,13.48
2017-06-26,13.48,13.48,13.48,13.48
2017-06-27,13.48,13.48,13.48,13.48
2017-06-28,13.48,13.48,13.48,13.48
2017-06-29,13.48,13.48,13.48,13.48
2017-06-30,13.48,13.48,13.48,13.48
2017-07-03,13.48,13.48,13.48,13.48
2017-07-04,13.48,13.48,13.48,13.48
2017-07-05,13.48,13.48,13.48,13.48
2017-07-06,13.48,13.48,13.48,13.48
2017-07-07,13.48,13.48,13.48,13.48
2017-07-10,13.48,13.48,13.48,13.48
2017-07-11,13.48,13.48,13.48,13.48
2017-07-12,13.48,13.48,13.48,13.48
2017-07-13,13.48,13.48,13.48,13.48
2017-07-14,13.48,13.48,13.48,13.48
2017-07-17,13.48,13.48,13.48,13.48
2017-07-18,13.48,13.48,13.48,13.48
2017-07-19,13.48,13.48,13.48,13.48
2017-07-20,13.48,13.48,13.48,13.48
2017-07-21,13.48,13.48,13.48,13.48
2017-07-24,13.48,13.48,13.48,13.48
2017-07-25,13.48,13.48,13.48,13.48
2017-07-26,13.48,13.48,13.48,13.48
2017-07-27,13.48,13.48,13.48,13.48
2017-07-28,13.48,13.48,13.48,13.48
2017-07-31,13.48,13.48,13.48,13.48
2017-08-01,13.48,13.48,13.48,13.48
2017-08-02,13.48,13.48,13.48,13.48
2017-08-03,13.48,13.48,13.48,13.48
2017-08-04,13.48,13.48,13.48,13.48
2017-08-07,13.48,13.48,13.48,13.48
2017-08-08,13.48,13.48,13.48,13.48
2017-08-09,13.48,13.48,13.48,13.48
2017-08-10,13.48,13.48,13.48,13.48
2017-08-11,13.48,13.48,13.48,13.48
2017-08-14,13.48,13.48,13.48,13.48
2017-08-15,13.48,13.48,13.48,13.48
2017-08-16,13.48,13.48,13.48,13.48
2017-08-17,13.48,13.48,13.48,13.48
2017-08-18,13.48,13.48,13.48,13.48
2017-08-21,13.48,13.48,13.48,13.48
2017-08-22,13.48,13.48,13.48,13.48
2017-08-23,13.48,13.48,13.48,13.48
2017-08-24,13.48,13.48,13.48,13.48
2017-08-25,13.48,13.48,13.48,13.48
2017-08-28,13.48,13.48,13.48,13.48
2017-08-29,13.48,13.48,13.48,13.48
2017-08-30,13.48,13.48,13.48,13.48
2017-08-31,13.48,13.48,13.48,13.48
2017-09-01,13.48,13.48,13.48,13.48
2017-09-04,13.48,13.48,13.48,13.48
2017-09-05,13.48,13.48,13.48,13.48
2017-09-06,13.48,13.48,13.48,13.48
2017-09-07,13.48,13.48,13.48,13.48
2017-09-08,13.48,13.48,13.48,13.48
2017-09-11,13.48,13.48,13.48,13.48
2017-09-12,13.48,13.48,13.48,13.48
2017-09-13,12.81,12.81,12.81,12.81
2017-09-14,12.17,12.17,12.17,12.17
2017-09-15,11.56,11.56,11.56,11.56
2017-09-18,10.98,10.98,10.98,10.98
2017-09-19,10.43,10.43,10.43,10.43
2017-09-20,9.91,9.91,9.91,9.91
2017-09-21,9.41,9.41,9.41,9.41
2017-09-22,8.94,8.94,8.94,8.94
2017-09-25,8.49,8.49,8.49,8.49
2017-09-26,8.07,8.07,8.07,8.07
2017-09-27,7.67,7.67,7.67,7.67
2017-09-28,7.29,7.29,7.29,7.29
2017-09-29,7.27,6.95,6.93,6.93
2017-10-09,6.81,6.6,6.79,6.6
2017-10-10,6.88,6.81,6.55,6.55
2017-10-11,6.86,6.72,6.76,6.71
2017-10-12,6.82,6.8,6.75,6.71
2017-10-13,7.14,7.14,6.8,6.76
2017-10-16,7.28,6.94,7.14,6.82
2017-10-17,7.12,7.02,6.9,6.82
2017-10-18,7.0,6.79,6.98,6.77
2017-10-19,6.83,6.6,6.8,6.57
2017-10-20,6.71,6.69,6.58,6.45
2017-10-23,7.02,6.9,6.72,6.64
2017-10-24,6.98,6.82,6.87,6.69
2017-10-25,6.94,6.86,6.8,6.78
2017-10-26,6.96,6.83,6.87,6.77
2017-10-27,6.81,6.7,6.81,6.67
2017-10-30,6.76,6.37,6.68,6.37
2017-10-31,6.46,6.4,6.33,6.31
2017-11-01,6.44,6.33,6.41,6.31
2017-11-02,6.31,6.01,6.31,6.01
2017-11-03,6.06,5.73,6.01,5.71
2017-11-06,6.02,5.93,5.84,5.74
2017-11-07,5.9,5.83,5.89,5.76
2017-11-08,6.05,5.97,5.8,5.79
2017-11-09,6.02,5.98,5.95,5.9
2017-11-10,6.13,6.01,5.96,5.94
2017-11-13,5.9,5.71,5.9,5.71
2017-11-14,5.74,5.58,5.64,5.52
2017-11-15,5.86,5.86,5.72,5.72
2017-11-16,6.15,6.15,6.1,5.99
2017-11-17,6.43,5.99,6.3,5.88
2017-11-20,6.01,5.89,6.01,5.69
2017-11-21,5.92,5.83,5.86,5.73
2017-11-22,5.81,5.72,5.8,5.66
2017-11-23,5.71,5.49,5.7,5.46
2017-11-24,5.47,5.44,5.44,5.31
2017-11-27,5.65,5.48,5.4,5.27
2017-11-28,5.61,5.56,5.48,5.44
2017-11-29,5.56,5.42,5.56,5.37
2017-11-30,5.51,5.37,5.36,5.33
2017-12-01,5.53,5.45,5.36,5.33
2017-12-04,5.41,5.18,5.4,5.18
2017-12-05,5.15,4.92,5.1,4.92
2017-12-06,5.04,5.01,4.92,4.87
2017-12-07,5.08,4.98,4.98,4.95
2017-12-08,5.05,5.01,4.97,4.96
2017-12-11,5.08,5.05,5.03,5.01
2017-12-12,5.04,4.85,5.03,4.84
2017-12-13,4.97,4.95,4.86,4.86
2017-12-14,5.2,5.13,4.93,4.93
2017-12-15,5.18,5.05,5.14,5.03
2017-12-18,5.21,5.08,5.01,4.98
2017-12-19,5.18,5.09,5.05,5.03
2017-12-20,5.34,5.34,5.08,5.08
2017-12-21,5.57,5.31,5.46,5.31
2017-12-22,5.28,5.18,5.24,5.16
2017-12-25,5.3,5.09,5.15,5.05
2017-12-26,5.34,5.34,5.15,5.11
2017-12-27,5.45,5.26,5.4,5.24
2017-12-28,5.4,5.29,5.24,5.23
2017-12-29,5.34,5.29,5.29,5.21
2018-01-02,5.55,5.35,5.43,5.33
2018-01-03,5.54,5.47,5.35,5.28
2018-01-04,5.44,5.36,5.41,5.32
2018-01-05,5.35,5.29,5.34,5.23
2018-01-08,5.28,5.21,5.25,5.16
2018-01-09,5.34,5.25,5.24,5.19
2018-01-10,5.23,4.99,5.23,4.99
2018-01-11,5.04,5.0,4.91,4.88
2018-01-12,5.04,4.95,4.98,4.92
2018-01-15,4.95,4.73,4.95,4.7
2018-01-16,4.92,4.77,4.75,4.75
2018-01-17,4.71,4.62,4.71,4.53
2018-01-18,4.68,4.6,4.58,4.56
2018-01-19,4.62,4.43,4.6,4.38
2018-01-22,4.47,4.46,4.46,4.31
2018-01-23,4.68,4.57,4.45,4.37
2018-01-24,4.61,4.54,4.52,4.48
2018-01-25,4.59,4.49,4.5,4.48
2018-01-26,4.52,4.41,4.46,4.37
2018-01-29,4.41,4.22,4.39,4.19
2018-01-30,4.23,4.13,4.19,4.09
2018-01-31,3.99,3.92,3.99,3.92
2018-02-01,3.8,3.72,3.73,3.72
2018-02-02,3.6,3.53,3.53,3.53
2018-02-05,3.45,3.35,3.41,3.35
2018-02-09,3.24,3.12,3.22,3.12
2018-02-12,3.22,3.18,3.12,3.12
2018-02-13,3.21,3.14,3.2,3.08
2018-02-14,3.2,3.17,3.12,3.11
2018-02-22,3.29,3.26,3.17,3.15
2018-02-23,3.31,3.25,3.24,3.21
2018-02-26,3.37,3.36,3.26,3.25
2018-02-27,3.36,3.33,3.34,3.31
2018-02-28,3.33,3.31,3.32,3.25
2018-03-01,3.48,3.41,3.28,3.28
2018-03-02,3.47,3.37,3.37,3.36
2018-03-05,3.29,3.2,3.22,3.2
2018-03-06,3.26,3.25,3.21,3.2
2018-03-07,3.27,3.23,3.24,3.21
2018-03-08,3.35,3.28,3.22,3.22
2018-03-09,3.35,3.34,3.28,3.27
2018-03-12,3.38,3.37,3.28,3.26
2018-03-13,3.49,3.44,3.37,3.35
2018-03-14,3.46,3.34,3.42,3.34
2018-03-15,3.33,3.22,3.3,3.18
2018-03-16,3.27,3.24,3.2,3.2
2018-03-19,3.26,3.26,3.23,3.19
2018-03-20,3.27,3.26,3.22,3.2
2018-03-21,3.37,3.26,3.25,3.22
2018-03-22,3.29,3.23,3.25,3.22
2018-03-23,3.11,3.07,3.11,3.07
2018-03-26,2.98,2.97,2.92,2.92
2018-03-27,3.08,3.06,3.0,3.0
2018-03-28,3.06,3.04,3.0,3.0
2018-03-29,3.08,3.07,3.03,3.03
2018-03-30,3.11,3.1,3.07,3.07
2018-04-02,3.18,3.09,3.09,3.08
2018-04-03,3.09,3.06,3.05,3.03
2018-04-04,3.12,3.11,3.08,3.07
2018-04-09,3.08,3.04,3.06,2.98
2018-04-10,3.05,3.03,3.02,3.01
2018-04-11,3.06,3.04,3.03,3.02
2018-04-12,3.04,2.98,3.03,2.94
2018-04-13,3.07,3.03,3.0,2.98
2018-04-16,3.07,2.99,3.04,2.98
2018-04-17,3.14,3.13,3.01,3.0
2018-04-18,3.15,3.12,3.1,3.05
2018-04-19,3.2,3.15,3.11,3.1
2018-04-20,3.16,3.06,3.13,3.04
2018-04-23,3.2,3.15,3.07,3.07
2018-04-24,3.18,3.15,3.14,3.11
2018-04-25,3.29,3.2,3.1,3.1
2018-04-26,3.23,3.19,3.21,3.17
2018-04-27,3.25,3.15,3.22,3.05
2018-05-02,3.31,3.31,3.3,3.26
2018-05-03,3.44,3.32,3.43,3.29
2018-05-04,3.49,3.49,3.31,3.29
2018-05-07,3.62,3.52,3.49,3.44
2018-05-08,3.55,3.47,3.5,3.42
2018-05-09,3.55,3.47,3.5,3.42
2018-05-10,3.39,3.33,3.39,3.3
2018-05-11,3.38,3.3,3.31,3.28
2018-05-14,3.3,3.18,3.3,3.15
2018-05-15,3.24,3.22,3.18,3.17
2018-05-16,3.27,3.24,3.21,3.17
2018-05-17,3.25,3.22,3.23,3.2
2018-05-18,3.28,3.25,3.22,3.21
2018-05-21,3.32,3.29,3.26,3.22
2018-05-22,3.41,3.36,3.29,3.28
2018-05-23,3.38,3.27,3.33,3.27
2018-05-24,3.32,3.29,3.27,3.25
2018-05-25,3.29,3.15,3.27,3.13
2018-05-28,3.15,3.05,3.14,3.03
2018-05-29,3.07,3.04,3.0,2.97
2018-05-30,3.01,2.89,3.0,2.89
2018-05-31,2.93,2.9,2.89,2.86
2018-06-01,2.94,2.91,2.89,2.84
2018-06-04,2.92,2.89,2.9,2.87
2018-06-05,2.93,2.91,2.9,2.89
2018-06-06,2.99,2.97,2.9,2.89
2018-06-07,2.97,2.96,2.96,2.94
2018-06-08,2.95,2.88,2.95,2.85
2018-06-11,2.94,2.9,2.88,2.87
2018-06-12,2.98,2.94,2.91,2.91
2018-06-13,2.96,2.88,2.94,2.87
2018-06-14,2.9,2.86,2.85,2.84
2018-06-15,2.88,2.72,2.86,2.72
2018-06-19,2.68,2.58,2.62,2.58
2018-06-20,2.53,2.47,2.5,2.45
2018-06-21,2.56,2.38,2.48,2.37
2018-06-22,2.42,2.41,2.37,2.3
2018-06-25,2.46,2.39,2.44,2.38
2018-06-26,2.43,2.43,2.35,2.31
2018-06-27,2.55,2.48,2.41,2.41
2018-06-28,2.48,2.39,2.46,2.36
2018-06-29,2.46,2.45,2.38,2.37
2018-07-02,2.48,2.44,2.44,2.4
2018-07-03,2.5,2.48,2.42,2.4
2018-07-04,2.47,2.43,2.46,2.41
2018-07-05,2.45,2.32,2.43,2.32
2018-07-06,2.36,2.29,2.32,2.21
2018-07-09,2.33,2.33,2.3,2.27
2018-07-10,2.34,2.33,2.33,2.28
2018-07-11,2.3,2.22,2.3,2.21
2018-07-12,2.28,2.26,2.21,2.2
2018-07-13,2.29,2.27,2.26,2.25
2018-07-16,2.27,2.26,2.26,2.23
2018-07-17,2.34,2.29,2.26,2.25
2018-07-18,2.33,2.27,2.28,2.27
2018-07-19,2.28,2.23,2.27,2.21
2018-07-20,2.27,2.26,2.23,2.2
2018-07-23,2.27,2.26,2.24,2.23
2018-07-24,2.31,2.29,2.26,2.25
2018-07-25,2.33,2.31,2.3,2.28
2018-07-26,2.38,2.37,2.31,2.29
2018-07-27,2.37,2.33,2.35,2.32
2018-07-30,2.31,2.22,2.3,2.21
2018-07-31,2.25,2.24,2.21,2.21
2018-08-01,2.24,2.14,2.22,2.13
2018-08-02,2.14,2.04,2.14,2.03
2018-08-03,2.04,2.03,2.03,1.99
2018-08-06,2.02,1.96,2.0,1.94
2018-08-07,2.01,2.01,1.96,1.95
2018-08-08,2.02,1.99,2.0,1.97
2018-08-09,2.04,2.02,1.98,1.98
2018-08-10,2.05,2.04,2.02,2.01
2018-08-13,2.04,2.03,2.02,1.99
2018-08-14,2.1,2.08,2.02,2.02
2018-08-15,2.09,2.03,2.08,2.02
2018-08-16,2.02,2.01,2.02,1.96
2018-08-17,2.03,2.0,2.01,1.99
2018-08-20,2.04,2.03,1.98,1.98
2018-08-21,2.1,2.08,2.03,2.02
2018-08-22,2.18,2.13,2.08,2.07
2018-08-23,2.17,2.12,2.13,2.1
2018-08-24,2.21,2.15,2.12,2.11
2018-08-27,2.17,2.16,2.15,2.13
2018-08-28,2.22,2.17,2.16,2.15
2018-08-29,2.2,2.19,2.16,2.14
2018-08-30,2.28,2.25,2.18,2.17
2018-08-31,2.25,2.14,2.25,2.14
2018-09-03,2.16,2.15,2.13,2.09
2018-09-04,2.22,2.19,2.16,2.15
2018-09-05,2.26,2.23,2.18,2.18
2018-09-06,2.24,2.18,2.2,2.17
2018-09-07,2.2,2.16,2.17,2.15
2018-09-10,2.2,2.14,2.17,2.14
2018-09-11,2.16,2.14,2.13,2.12
2018-09-12,2.17,2.16,2.14,2.14
2018-09-13,2.18,2.15,2.17,2.11
2018-09-14,2.16,2.13,2.15,2.12
2018-09-17,2.24,2.24,2.18,2.16
2018-09-18,2.27,2.25,2.24,2.22
2018-09-19,2.31,2.28,2.24,2.22
2018-09-20,2.29,2.24,2.27,2.23
2018-09-21,2.27,2.25,2.24,2.23
2018-09-25,2.25,2.24,2.23,2.21
2018-09-26,2.25,2.23,2.24,2.22
2018-09-27,2.28,2.21,2.24,2.21
2018-09-28,2.25,2.24,2.21,2.2
2018-10-08,2.2,2.16,2.2,2.15
2018-10-09,2.19,2.16,2.17,2.15
2018-10-10,2.19,2.17,2.17,2.16
2018-10-11,2.1,2.06,2.1,2.06
2018-10-12,2.01,1.99,1.98,1.96
2018-10-15,2.02,1.96,2.0,1.96
2018-10-16,1.98,1.88,1.96,1.86
2018-10-17,1.91,1.9,1.91,1.85
2018-10-18,1.89,1.81,1.89,1.81
2018-10-19,1.81,1.8,1.75,1.72
2018-10-22,1.89,1.89,1.84,1.83
2018-10-23,1.93,1.88,1.91,1.87
2018-10-24,1.91,1.88,1.87,1.86
2018-10-25,1.87,1.87,1.81,1.8
2018-10-26,1.95,1.91,1.87,1.87
2018-10-29,2.01,1.94,1.89,1.88
2018-10-30,2.0,2.0,1.95,1.88
2018-10-31,2.03,1.99,1.97,1.97
2018-11-01,2.03,1.98,2.0,1.98
2018-11-02,2.02,2.01,2.0,1.99
2018-11-05,2.11,2.04,2.02,2.01
2018-11-06,2.03,2.02,2.02,1.99
2018-11-07,2.08,2.04,2.01,2.01
2018-11-08,2.14,2.13,2.06,2.05
2018-11-09,2.17,2.11,2.1,2.09
2018-11-12,2.22,2.22,2.11,2.09
2018-11-13,2.33,2.33,2.24,2.22
2018-11-14,2.45,2.26,2.45,2.23
2018-11-15,2.32,2.28,2.26,2.2
2018-11-16,2.39,2.34,2.26,2.24
2018-11-19,2.26,2.22,2.22,2.22
2018-11-20,2.28,2.19,2.23,2.18
2018-11-21,2.25,2.24,2.15,2.13
2018-11-22,2.29,2.25,2.26,2.23
2018-11-23,2.25,2.14,2.24,2.14
2018-11-26,2.15,2.09,2.13,2.08
2018-11-27,2.15,2.12,2.1,2.1
2018-11-28,2.14,2.13,2.12,2.05
2018-11-29,2.15,2.07,2.14,2.06
2018-11-30,2.08,2.05,2.07,2.01
2018-12-03,2.15,2.15,2.1,2.07
2018-12-04,2.17,2.15,2.13,2.11
2018-12-05,2.25,2.21,2.11,2.09
2018-12-06,2.27,2.19,2.19,2.17
2018-12-07,2.29,2.26,2.19,2.18
2018-12-10,2.33,2.3,2.24,2.24
2018-12-11,2.3,2.21,2.27,2.19
2018-12-12,2.22,2.19,2.21,2.18
2018-12-13,2.22,2.19,2.2,2.17
2018-12-14,2.25,2.17,2.19,2.17
2018-12-17,2.15,2.12,2.15,2.07
2018-12-18,2.17,2.14,2.11,2.09
2018-12-19,2.15,2.13,2.15,2.11
2018-12-20,2.15,2.12,2.13,2.09
2018-12-21,2.11,2.07,2.11,2.05
2018-12-24,2.07,2.06,2.06,2.04
2018-12-25,2.03,2.01,2.03,1.96
2018-12-26,2.03,2.02,2.0,1.99
2018-12-27,2.06,1.97,2.05,1.96
2018-12-28,2.02,2.0,1.98,1.98
2019-01-02,2.05,2.03,2.01,2.0
2019-01-03,2.06,2.04,2.03,2.01
2019-01-04,2.08,2.07,2.01,1.99
2019-01-07,2.1,2.08,2.08,2.07
2019-01-08,2.09,2.08,2.07,2.06
2019-01-09,2.1,2.08,2.08,2.07
2019-01-10,2.08,2.05,2.07,2.05
2019-01-11,2.08,2.06,2.05,2.05
2019-01-14,2.07,2.03,2.05,2.02
2019-01-15,2.05,2.04,2.03,2.02
2019-01-16,2.06,2.03,2.04,2.02
2019-01-17,2.06,2.04,2.04,2.02
2019-01-18,2.04,2.04,2.04,2.02
2019-01-21,2.06,2.05,2.04,2.03
2019-01-22,2.05,2.01,2.05,1.99
2019-01-23,2.01,1.98,2.0,1.97
2019-01-24,1.99,1.98,1.97,1.96
2019-01-25,1.98,1.93,1.98,1.92
2019-01-28,1.95,1.88,1.93,1.87
2019-01-29,1.87,1.82,1.87,1.79
2019-01-30,1.85,1.83,1.8,1.8
2019-01-31,1.74,1.74,1.74,1.74
2019-02-01,1.73,1.72,1.65,1.65
2019-02-11,1.77,1.76,1.72,1.71
2019-02-12,1.79,1.78,1.75,1.75
2019-02-13,1.81,1.8,1.77,1.76
2019-02-14,1.82,1.8,1.8,1.79
2019-02-15,1.89,1.89,1.8,1.79
2019-02-18,1.91,1.9,1.89,1.86
2019-02-19,1.96,1.91,1.9,1.9
2019-02-20,1.93,1.93,1.91,1.9
2019-02-21,1.93,1.89,1.92,1.88
2019-02-22,1.98,1.95,1.91,1.9
2019-02-25,2.02,2.02,1.97,1.94
2019-02-26,2.06,2.02,2.01,1.98
2019-02-27,2.12,2.07,2.02,2.01
2019-02-28,2.11,2.06,2.05,2.05
2019-03-01,2.09,2.07,2.07,2.04
2019-03-04,2.16,2.12,2.07,2.07
2019-03-05,2.16,2.12,2.07,2.07
